dataset,motor,rpm,seed,method,requested_method,mahalanobis_method,knn_neighbors,n_train,n_calibration,n_known_test,n_unknown_test,n_unknown_classes,known_accuracy,open_set_accuracy,auroc,aupr_unknown_positive,fpr_at_tpr95,unknown_precision,unknown_recall,unknown_f1,known_score_median,unknown_score_median,inference_seconds,peak_memory_mb,status,openset_method,canonical_method,threshold,raw_thresholds,threshold_strategy,score_direction,calibration_source
T1/11000,T1,11000rpm,42,knn,knn,,5,214,71,73,2994,9,0.931507,0.99837,1.0,1.0,0.0,0.998333,1.0,0.999166,0.854753,19.660215,0.014116,,completed,knn,knn,1.0,[7.381026051711886],known_calibration_quantile_0.95,higher_is_unknown,known training/calibration only
T1/6000,T1,6000rpm,42,knn,knn,,5,192,64,64,3038,9,0.84375,0.996776,1.0,1.0,0.0,0.996719,1.0,0.998357,0.893174,54.408283,0.01367,,completed,knn,knn,1.0,[7.584359929803419],known_calibration_quantile_0.95,higher_is_unknown,known training/calibration only
T1/8000,T1,8000rpm,42,knn,knn,,5,187,62,64,2736,9,0.9375,0.998571,1.0,1.0,0.0,0.99854,1.0,0.99927,0.87144,37.25689,0.013508,,completed,knn,knn,1.0,[7.861636234463858],known_calibration_quantile_0.95,higher_is_unknown,known training/calibration only
T2/11000,T2,11000rpm,42,knn,knn,,5,151,50,52,3165,9,0.923077,0.998757,1.0,1.0,0.0,0.998738,1.0,0.999368,0.912822,24.183934,0.013223,,completed,knn,knn,1.0,[8.422440577016957],known_calibration_quantile_0.95,higher_is_unknown,known training/calibration only
T2/6000,T2,6000rpm,42,knn,knn,,5,194,64,66,2865,9,0.984848,0.999659,1.0,1.0,0.0,0.999651,1.0,0.999826,0.844397,38.793872,0.012458,,completed,knn,knn,1.0,[8.316142540922883],known_calibration_quantile_0.95,higher_is_unknown,known training/calibration only
T2/8000,T2,8000rpm,42,knn,knn,,5,220,73,75,2882,9,1.0,1.0,1.0,1.0,0.0,1.0,1.0,1.0,0.832768,47.29248,0.012431,,completed,knn,knn,1.0,[8.597763575530038],known_calibration_quantile_0.95,higher_is_unknown,known training/calibration only
T3/11000,T3,11000rpm,42,knn,knn,,5,180,60,60,2828,9,0.866667,0.99723,1.0,1.0,0.0,0.997179,1.0,0.998588,0.924731,42.266195,0.013787,,completed,knn,knn,1.0,[7.929134108786004],known_calibration_quantile_0.95,higher_is_unknown,known training/calibration only
T3/6000,T3,6000rpm,42,knn,knn,,5,188,62,64,2627,9,0.984375,0.999628,1.0,1.0,0.0,0.999619,1.0,0.99981,0.881708,25.230356,0.011448,,completed,knn,knn,1.0,[8.535922463226528],known_calibration_quantile_0.95,higher_is_unknown,known training/calibration only
T3/8000,T3,8000rpm,42,knn,knn,,5,163,54,55,2953,9,0.963636,0.999335,1.0,1.0,0.0,0.999323,1.0,0.999661,0.908062,58.751873,0.012097,,completed,knn,knn,1.0,[8.466090719798],known_calibration_quantile_0.95,higher_is_unknown,known training/calibration only
