epoch,t,truth,score,verdict,predicted,ewma,cusum,quarantine,n_known,source_mode,dir_radius,dir_ray,dir_cos
1,1,8screws,0.781,healthy,8screws,0.0,0.0,0,1,manual,7.587,,
1,2,8screws,0.9658,healthy,8screws,0.0,0.0,0,1,manual,9.382,,
1,3,8screws,0.8429,healthy,8screws,0.0,0.0,0,1,manual,8.188,,
1,4,8screws,1.027,unknown,,0.08,0.03,0,1,manual,9.976,,
1,5,8screws,0.7737,healthy,8screws,0.0736,0.0,0,1,manual,7.516,,
1,6,8screws,0.7904,healthy,8screws,0.0677,0.0,0,1,manual,7.678,,
1,7,8screws,0.9271,healthy,8screws,0.0623,0.0,0,1,manual,9.006,,
1,8,8screws,0.7529,healthy,8screws,0.0573,0.0,0,1,manual,7.314,,
1,9,8screws,0.9305,healthy,8screws,0.0527,0.0,0,1,manual,9.04,,
1,10,8screws,0.9729,healthy,8screws,0.0485,0.0,0,1,manual,9.451,,
1,11,8screws,0.8546,healthy,8screws,0.0446,0.0,0,1,manual,8.302,,
1,12,8screws,1.0256,unknown,,0.1211,0.03,0,1,manual,9.963,,
1,13,8screws,0.7662,healthy,8screws,0.1114,0.0,0,1,manual,7.444,,
1,14,8screws,1.0267,unknown,,0.1825,0.03,0,1,manual,9.973,,
1,15,8screws,0.9879,healthy,8screws,0.1679,0.01,0,1,manual,9.597,,
1,16,8screws,0.7993,healthy,8screws,0.1544,0.0,0,1,manual,7.765,,
1,17,8screws,0.8825,healthy,8screws,0.1421,0.0,0,1,manual,8.573,,
1,18,8screws,1.0484,unknown,,0.2107,0.05,0,1,manual,10.184,,
1,19,8screws,0.9605,healthy,8screws,0.1939,0.01,0,1,manual,9.331,,
1,20,8screws,0.8029,healthy,8screws,0.1783,0.0,0,1,manual,7.8,,
1,21,5screws,85.8112,unknown,,0.08,84.81,1,1,manual,833.607,,
1,22,5screws,78.9314,unknown,,0.1536,162.74,2,1,manual,766.773,,
1,23,5screws,85.72,unknown,,0.2213,247.46,3,1,manual,832.72,,
1,24,5screws,85.5148,unknown,,0.2836,331.98,4,1,manual,830.727,,
1,25,5screws,85.1399,unknown,,0.3409,416.12,5,1,manual,827.086,,
1,26,5screws,85.54,unknown,,0.3936,500.66,6,1,manual,830.972,,
1,27,5screws,81.462,unknown,,0.4422,581.12,7,1,manual,791.357,,
1,28,5screws,85.6824,unknown,,0.4868,665.8,8,1,manual,832.356,,
1,29,5screws,83.436,unknown,,0.5278,748.24,9,1,manual,810.533,,
1,30,5screws,83.6736,unknown,,0.5656,830.91,10,1,manual,812.841,,
1,31,5screws,83.4169,unknown,,0.6004,913.33,11,1,manual,810.347,,
1,32,5screws,84.506,unknown,,0.6323,996.83,12,1,manual,820.927,,
1,33,5screws,82.7131,unknown,,0.6617,1078.55,13,1,manual,803.511,,
1,34,5screws,84.7227,unknown,,0.6888,1162.27,14,1,manual,823.033,,
1,35,5screws,82.1824,unknown,,0.7137,1243.45,15,1,manual,798.355,,
1,36,5screws,82.3136,unknown,,0.7366,1324.77,16,1,manual,799.63,,
1,37,5screws,85.4582,unknown,,0.7577,1409.22,17,1,manual,830.177,,
1,38,5screws,82.7906,unknown,,0.7771,1491.01,18,1,manual,804.263,,
1,39,5screws,86.0534,unknown,,0.7949,1576.07,19,1,manual,835.959,,
1,40,5screws,84.4159,unknown,,0.8113,1659.48,20,1,manual,820.052,,
1,41,5screws,85.3072,unknown,,0.8264,1743.79,21,1,manual,828.711,,
1,42,5screws,81.5095,unknown,,0.8403,1824.3,22,1,manual,791.818,,
1,43,5screws,81.5111,unknown,,0.8531,1904.81,23,1,manual,791.833,,
1,44,5screws,85.6016,unknown,,0.8648,1989.41,24,1,manual,831.571,,
1,45,5screws,85.3918,unknown,,0.8756,2073.81,25,1,manual,829.533,,
1,46,5screws,80.1485,unknown,,0.8856,2152.95,26,1,manual,778.597,,
1,47,5screws,79.1137,unknown,,0.8947,2231.07,27,1,manual,768.544,,
1,48,5screws,83.0052,unknown,,0.9032,2313.07,28,1,manual,806.348,,
1,49,5screws,84.5842,unknown,,0.9109,2396.66,29,1,manual,821.687,,
1,50,5screws,85.6174,unknown,,0.918,2481.27,30,1,manual,831.724,,
1,51,5screws,84.2888,unknown,,0.9246,2564.56,31,1,manual,818.818,,
1,52,5screws,85.1056,unknown,,0.9306,2648.67,32,1,manual,826.752,,
1,53,5screws,80.9036,unknown,,0.9362,2728.57,33,1,manual,785.932,,
1,54,5screws,85.5392,unknown,,0.9413,2813.11,34,1,manual,830.964,,
1,55,5screws,85.4153,unknown,,0.946,2897.53,35,1,manual,829.761,,
1,56,5screws,76.6978,unknown,,0.9503,2973.22,36,1,manual,745.075,,
1,57,5screws,78.6586,unknown,,0.9543,3050.88,37,1,manual,764.124,,
1,58,5screws,85.7678,unknown,,0.9579,3135.65,38,1,manual,833.185,,
1,59,5screws,85.8795,unknown,,0.9613,3220.53,39,1,manual,834.27,,
1,60,5screws,85.3862,unknown,,0.9644,3304.92,40,1,manual,829.478,,
1,61,5screws,82.3294,unknown,,0.9672,3386.25,41,1,manual,799.783,,
1,62,5screws,85.5322,unknown,,0.9699,3470.78,42,1,manual,830.896,,
1,63,5screws,83.0695,unknown,,0.9723,3552.85,43,1,manual,806.972,,
1,64,5screws,84.6055,unknown,,0.9745,3636.45,44,1,manual,821.894,,
1,65,5screws,84.8055,unknown,,0.9765,3720.26,45,1,manual,823.837,,
1,66,5screws,85.9066,unknown,,0.9784,3805.17,46,1,manual,834.534,,
1,67,5screws,85.3872,unknown,,0.9801,3889.55,47,1,manual,829.487,,
1,68,5screws,81.5653,unknown,,0.9817,3970.12,48,1,manual,792.36,,
1,69,5screws,85.5649,unknown,,0.9832,4054.68,49,1,manual,831.214,,
1,70,5screws,85.4172,unknown,,0.9845,4139.1,50,1,manual,829.78,,
1,71,5screws,81.4698,unknown,,0.9858,4219.57,51,1,manual,791.432,,
1,72,5screws,82.5901,unknown,,0.9869,4301.16,52,1,manual,802.316,,
1,73,5screws,76.5833,unknown,,0.988,4376.74,53,1,manual,743.963,,
1,74,5screws,83.8248,unknown,,0.9889,4459.57,54,1,manual,814.309,,
1,75,5screws,85.7318,unknown,,0.9898,4544.3,55,1,manual,832.835,,
1,76,5screws,83.73,unknown,,0.9906,4627.03,56,1,manual,813.389,,
1,77,5screws,85.576,unknown,,0.9914,4711.61,57,1,manual,831.322,,
1,78,5screws,82.9112,unknown,,0.9921,4793.52,58,1,manual,805.435,,
1,79,5screws,81.4095,unknown,,0.9927,4873.93,59,1,manual,790.846,,
1,80,5screws,79.3376,unknown,,0.9933,4952.26,60,1,manual,770.719,,
1,81,5screws,85.7769,unknown,,0.9938,5037.04,61,1,manual,833.274,,
1,82,5screws,84.8328,unknown,,0.9943,5120.87,62,1,manual,824.102,,
1,83,5screws,85.4699,unknown,,0.9948,5205.34,63,1,manual,830.291,,
1,84,5screws,85.4628,unknown,,0.9952,5289.81,64,1,manual,830.222,,
1,85,5screws,82.9336,unknown,,0.9956,5371.74,65,1,manual,805.652,,
1,86,5screws,83.0455,unknown,,0.9959,5453.79,66,1,manual,806.739,,
1,87,5screws,81.3468,unknown,,0.9963,5534.13,67,1,manual,790.238,,
1,88,5screws,85.6984,unknown,,0.9966,5618.83,68,1,manual,832.511,,
1,89,5screws,78.3724,unknown,,0.9968,5696.2,69,1,manual,761.343,,
1,90,5screws,85.4246,unknown,,0.9971,5780.63,70,1,manual,829.851,,
1,91,5screws,80.8983,unknown,,0.9973,5860.53,71,1,manual,785.881,,
1,92,5screws,86.0726,unknown,,0.9975,5945.6,72,1,manual,836.146,,
1,93,5screws,85.4742,unknown,,0.9977,6030.07,73,1,manual,830.333,,
1,94,5screws,81.4133,unknown,,0.9979,6110.49,74,1,manual,790.883,,
1,95,5screws,83.19,unknown,,0.9981,6192.68,75,1,manual,808.144,,
1,96,5screws,79.0914,unknown,,0.9982,6270.77,76,1,manual,768.327,,
1,97,5screws,82.6353,unknown,,0.9984,6352.4,77,1,manual,802.755,,
1,98,5screws,84.2578,unknown,,0.9985,6435.66,78,1,manual,818.516,,
1,99,5screws,82.9427,unknown,,0.9986,6517.6,79,1,manual,805.741,,
1,100,5screws,85.7359,unknown,,0.9987,6602.34,80,1,manual,832.875,,
1,101,5screws,85.7121,unknown,,0.9988,6687.05,81,1,manual,832.644,,
1,102,5screws,85.6935,unknown,,0.9989,6771.75,82,1,manual,832.464,,
1,103,5screws,85.7431,unknown,,0.999,6856.49,83,1,manual,832.945,,
1,104,5screws,85.619,unknown,,0.9991,6941.11,84,1,manual,831.74,,
1,105,5screws,85.4143,unknown,,0.9992,7025.52,85,1,manual,829.751,,
1,106,5screws,85.0552,unknown,,0.9992,7109.58,86,1,manual,826.263,,
1,107,5screws,84.5132,unknown,,0.9993,7193.09,87,1,manual,820.997,,
1,108,5screws,79.7637,unknown,,0.9993,7271.85,88,1,manual,774.858,,
1,109,5screws,0.7663,known,5screws,0.0,0.0,0,2,manual,51.395,5screws,0.9846
1,110,5screws,0.7664,known,5screws,0.0,0.0,0,2,manual,51.882,5screws,0.9914
1,111,5screws,0.7,known,5screws,0.0,0.0,0,2,manual,52.926,5screws,0.9917
1,112,5screws,0.7245,known,5screws,0.0,0.0,0,2,manual,53.304,5screws,0.981
1,113,5screws,0.821,known,5screws,0.0,0.0,0,2,manual,52.681,5screws,0.9815
1,114,5screws,0.7588,known,5screws,0.0,0.0,0,2,manual,51.999,5screws,0.9903
1,115,5screws,0.7917,known,5screws,0.0,0.0,0,2,manual,51.581,5screws,0.9842
1,116,5screws,0.8419,known,5screws,0.0,0.0,0,2,manual,51.408,5screws,0.9917
1,117,5screws,0.8716,known,5screws,0.0,0.0,0,2,manual,53.152,5screws,0.9839
1,118,5screws,0.8529,known,5screws,0.0,0.0,0,2,manual,52.941,5screws,0.9902
1,119,5screws,0.8623,known,5screws,0.0,0.0,0,2,manual,52.73,5screws,0.9856
1,120,5screws,0.7162,known,5screws,0.0,0.0,0,2,manual,53.047,5screws,0.9887
1,121,5screws,0.8587,known,5screws,0.0,0.0,0,2,manual,51.169,5screws,0.9899
1,122,5screws,0.8155,known,5screws,0.0,0.0,0,2,manual,51.035,5screws,0.989
1,123,5screws,0.7656,known,5screws,0.0,0.0,0,2,manual,50.858,5screws,0.9924
1,124,5screws,0.8323,known,5screws,0.0,0.0,0,2,manual,52.22,5screws,0.9907
1,125,5screws,0.8151,known,5screws,0.0,0.0,0,2,manual,53.813,5screws,0.9822
1,126,5screws,0.8916,known,5screws,0.0,0.0,0,2,manual,53.922,5screws,0.9811
1,127,5screws,0.6068,known,5screws,0.0,0.0,0,2,manual,52.594,5screws,0.9897
1,128,5screws,0.7292,known,5screws,0.0,0.0,0,2,manual,51.194,5screws,0.99
1,129,5screws,0.8705,known,5screws,0.0,0.0,0,2,manual,50.7,5screws,0.9869
1,130,5screws,0.7994,known,5screws,0.0,0.0,0,2,manual,52.842,5screws,0.9898
1,131,5screws,0.8347,known,5screws,0.0,0.0,0,2,manual,55.335,5screws,0.982
1,132,5screws,0.7583,known,5screws,0.0,0.0,0,2,manual,52.062,5screws,0.9901
1,133,5screws,0.7895,known,5screws,0.0,0.0,0,2,manual,54.739,5screws,0.9846
1,134,5screws,0.7307,known,5screws,0.0,0.0,0,2,manual,52.339,5screws,0.9848
1,135,5screws,0.8597,known,5screws,0.0,0.0,0,2,manual,53.268,5screws,0.9871
1,136,5screws,0.6244,known,5screws,0.0,0.0,0,2,manual,53.885,5screws,0.9901
1,137,5screws,0.6744,known,5screws,0.0,0.0,0,2,manual,54.274,5screws,0.9894
1,138,5screws,0.6459,known,5screws,0.0,0.0,0,2,manual,50.412,5screws,0.9906
1,139,5screws,0.7732,known,5screws,0.0,0.0,0,2,manual,51.085,5screws,0.9882
1,140,5screws,0.6628,known,5screws,0.0,0.0,0,2,manual,50.614,5screws,0.9906
1,141,5screws,0.807,known,5screws,0.0,0.0,0,2,manual,53.191,5screws,0.984
1,142,5screws,0.6498,known,5screws,0.0,0.0,0,2,manual,53.121,5screws,0.9906
1,143,5screws,0.7548,known,5screws,0.0,0.0,0,2,manual,53.341,5screws,0.9904
1,144,5screws,0.6943,known,5screws,0.0,0.0,0,2,manual,52.841,5screws,0.9955
1,145,5screws,1.0025,unknown,,0.08,0.0,0,2,manual,51.323,5screws,0.9814
1,146,5screws,0.7499,known,5screws,0.0736,0.0,0,2,manual,53.252,5screws,0.9915
1,147,5screws,0.734,known,5screws,0.0677,0.0,0,2,manual,52.452,5screws,0.9888
1,148,5screws,0.9864,known,5screws,0.0623,0.0,0,2,manual,51.554,5screws,0.9792
1,149,5screws,0.7125,known,5screws,0.0573,0.0,0,2,manual,51.21,5screws,0.9923
1,150,5screws,0.7147,known,5screws,0.0527,0.0,0,2,manual,53.679,5screws,0.9892
1,151,5screws,0.6016,known,5screws,0.0485,0.0,0,2,manual,51.667,5screws,0.9886
1,152,5screws,0.8151,known,5screws,0.0446,0.0,0,2,manual,53.813,5screws,0.9822
1,153,5screws,0.9864,known,5screws,0.0411,0.0,0,2,manual,51.554,5screws,0.9792
1,154,5screws,0.734,known,5screws,0.0378,0.0,0,2,manual,52.452,5screws,0.9888
1,155,5screws,0.6068,known,5screws,0.0348,0.0,0,2,manual,52.594,5screws,0.9897
1,156,5screws,0.7656,known,5screws,0.032,0.0,0,2,manual,50.858,5screws,0.9924
1,157,5screws,0.7664,known,5screws,0.0294,0.0,0,2,manual,51.882,5screws,0.9914
1,158,5screws,0.8597,known,5screws,0.0271,0.0,0,2,manual,53.268,5screws,0.9871
1,159,5screws,0.7917,known,5screws,0.0249,0.0,0,2,manual,51.581,5screws,0.9842
1,160,5screws,0.8347,known,5screws,0.0229,0.0,0,2,manual,55.335,5screws,0.982
1,161,5screws,0.8623,known,5screws,0.0211,0.0,0,2,manual,52.73,5screws,0.9856
1,162,5screws,0.6744,known,5screws,0.0194,0.0,0,2,manual,54.274,5screws,0.9894
