"absolute_path","relative_path","filename","extension","size_bytes","creation_time","last_write_time","file_type","candidate_category","is_archive","is_hidden","is_reparse_point","is_symlink","analysis_status","error"
"D:\schoolshit\fcu\專題\馬達研究\馬達研究\Step1_Data_Preprocessing_figure_11000_1.py","馬達研究\Step1_Data_Preprocessing_figure_11000_1.py","Step1_Data_Preprocessing_figure_11000_1.py",".py","6713","2026-06-26T22:57:46.1120777+08:00","2026-04-09T12:41:53.0936777+08:00","Python source","preprocessing_code","False","False","False","False","metadata_only",""
"D:\schoolshit\fcu\專題\馬達研究\馬達研究\Step1_Data_Preprocessing_figure_11000_2.py","馬達研究\Step1_Data_Preprocessing_figure_11000_2.py","Step1_Data_Preprocessing_figure_11000_2.py",".py","6616","2026-06-26T22:57:46.1854928+08:00","2026-04-09T12:41:53.1166055+08:00","Python source","preprocessing_code","False","False","False","False","metadata_only",""
"D:\schoolshit\fcu\專題\馬達研究\馬達研究\Step1_Data_Preprocessing_figure_6000_1.py","馬達研究\Step1_Data_Preprocessing_figure_6000_1.py","Step1_Data_Preprocessing_figure_6000_1.py",".py","6670","2026-06-26T22:57:46.2523098+08:00","2026-04-09T12:41:53.1344366+08:00","Python source","preprocessing_code","False","False","False","False","metadata_only",""
"D:\schoolshit\fcu\專題\馬達研究\馬達研究\Step1_Data_Preprocessing_figure_6000_2.py","馬達研究\Step1_Data_Preprocessing_figure_6000_2.py","Step1_Data_Preprocessing_figure_6000_2.py",".py","6306","2026-06-26T22:57:46.3305840+08:00","2026-04-09T12:41:53.1464381+08:00","Python source","preprocessing_code","False","False","False","False","metadata_only",""
"D:\schoolshit\fcu\專題\馬達研究\馬達研究\Step1_Data_Preprocessing_figure_8000_1.py","馬達研究\Step1_Data_Preprocessing_figure_8000_1.py","Step1_Data_Preprocessing_figure_8000_1.py",".py","12224","2026-06-26T22:57:46.3966241+08:00","2026-04-09T12:41:53.1564338+08:00","Python source","preprocessing_code","False","False","False","False","metadata_only",""
"D:\schoolshit\fcu\專題\馬達研究\馬達研究\Step1_Data_Preprocessing_figure_8000_2.py","馬達研究\Step1_Data_Preprocessing_figure_8000_2.py","Step1_Data_Preprocessing_figure_8000_2.py",".py","3754","2026-06-26T22:57:46.5414256+08:00","2026-04-09T12:41:53.1654334+08:00","Python source","preprocessing_code","False","False","False","False","metadata_only",""
"D:\schoolshit\fcu\專題\馬達研究\馬達研究\Step1_Data_Preprocessing_save_11000_1.py","馬達研究\Step1_Data_Preprocessing_save_11000_1.py","Step1_Data_Preprocessing_save_11000_1.py",".py","3940","2026-06-26T22:57:46.6635446+08:00","2026-04-09T12:41:53.1724335+08:00","Python source","preprocessing_code","False","False","False","False","metadata_only",""
"D:\schoolshit\fcu\專題\馬達研究\馬達研究\Step1_Data_Preprocessing_save_11000_2.py","馬達研究\Step1_Data_Preprocessing_save_11000_2.py","Step1_Data_Preprocessing_save_11000_2.py",".py","3896","2026-06-26T22:57:46.7421557+08:00","2026-04-09T12:41:53.1804338+08:00","Python source","preprocessing_code","False","False","False","False","metadata_only",""
"D:\schoolshit\fcu\專題\馬達研究\馬達研究\Step1_Data_Preprocessing_save_11000_3.py","馬達研究\Step1_Data_Preprocessing_save_11000_3.py","Step1_Data_Preprocessing_save_11000_3.py",".py","3894","2026-06-26T22:57:46.8191610+08:00","2026-04-09T12:41:53.1874335+08:00","Python source","preprocessing_code","False","False","False","False","metadata_only",""
"D:\schoolshit\fcu\專題\馬達研究\馬達研究\Step1_Data_Preprocessing_save_6000_1.py","馬達研究\Step1_Data_Preprocessing_save_6000_1.py","Step1_Data_Preprocessing_save_6000_1.py",".py","3934","2026-06-26T22:57:46.8963146+08:00","2026-04-09T12:41:53.1954332+08:00","Python source","preprocessing_code","False","False","False","False","metadata_only",""
"D:\schoolshit\fcu\專題\馬達研究\馬達研究\Step1_Data_Preprocessing_save_6000_2.py","馬達研究\Step1_Data_Preprocessing_save_6000_2.py","Step1_Data_Preprocessing_save_6000_2.py",".py","3888","2026-06-26T22:57:46.9738378+08:00","2026-04-09T12:41:53.2024336+08:00","Python source","preprocessing_code","False","False","False","False","metadata_only",""
"D:\schoolshit\fcu\專題\馬達研究\馬達研究\Step1_Data_Preprocessing_save_6000_3.py","馬達研究\Step1_Data_Preprocessing_save_6000_3.py","Step1_Data_Preprocessing_save_6000_3.py",".py","3888","2026-06-26T22:57:47.0294473+08:00","2026-04-09T12:41:53.2104388+08:00","Python source","preprocessing_code","False","False","False","False","metadata_only",""
"D:\schoolshit\fcu\專題\馬達研究\馬達研究\Step1_Data_Preprocessing_save_8000_1.py","馬達研究\Step1_Data_Preprocessing_save_8000_1.py","Step1_Data_Preprocessing_save_8000_1.py",".py","3957","2026-06-26T22:57:47.1066900+08:00","2026-04-09T12:41:53.2184386+08:00","Python source","preprocessing_code","False","False","False","False","metadata_only",""
"D:\schoolshit\fcu\專題\馬達研究\馬達研究\Step1_Data_Preprocessing_save_8000_2.py","馬達研究\Step1_Data_Preprocessing_save_8000_2.py","Step1_Data_Preprocessing_save_8000_2.py",".py","3886","2026-06-26T22:57:47.1856986+08:00","2026-04-09T12:41:53.2259512+08:00","Python source","preprocessing_code","False","False","False","False","metadata_only",""
"D:\schoolshit\fcu\專題\馬達研究\馬達研究\Step1_Data_Preprocessing_save_8000_3.py","馬達研究\Step1_Data_Preprocessing_save_8000_3.py","Step1_Data_Preprocessing_save_8000_3.py",".py","3888","2026-06-26T22:57:47.2751560+08:00","2026-04-09T12:41:53.2389515+08:00","Python source","preprocessing_code","False","False","False","False","metadata_only",""
"D:\schoolshit\fcu\專題\馬達研究\馬達研究\Step2_Feature_Extraction_11000_1.py","馬達研究\Step2_Feature_Extraction_11000_1.py","Step2_Feature_Extraction_11000_1.py",".py","12274","2026-06-26T22:57:47.3525465+08:00","2026-04-09T12:41:53.2469519+08:00","Python source","processed_feature","False","False","False","False","metadata_only",""
"D:\schoolshit\fcu\專題\馬達研究\馬達研究\Step2_Feature_Extraction_11000_2.py","馬達研究\Step2_Feature_Extraction_11000_2.py","Step2_Feature_Extraction_11000_2.py",".py","11714","2026-06-26T22:57:47.4304552+08:00","2026-04-09T12:41:53.2550729+08:00","Python source","processed_feature","False","False","False","False","metadata_only",""
"D:\schoolshit\fcu\專題\馬達研究\馬達研究\Step2_Feature_Extraction_11000_3.py","馬達研究\Step2_Feature_Extraction_11000_3.py","Step2_Feature_Extraction_11000_3.py",".py","11714","2026-06-26T22:57:47.5079869+08:00","2026-04-09T12:41:53.2630738+08:00","Python source","processed_feature","False","False","False","False","metadata_only",""
"D:\schoolshit\fcu\專題\馬達研究\馬達研究\Step2_Feature_Extraction_6000_1.py","馬達研究\Step2_Feature_Extraction_6000_1.py","Step2_Feature_Extraction_6000_1.py",".py","12329","2026-06-26T22:57:47.5858393+08:00","2026-04-09T12:41:53.2700739+08:00","Python source","processed_feature","False","False","False","False","metadata_only",""
"D:\schoolshit\fcu\專題\馬達研究\馬達研究\Step2_Feature_Extraction_6000_2.py","馬達研究\Step2_Feature_Extraction_6000_2.py","Step2_Feature_Extraction_6000_2.py",".py","12055","2026-06-26T22:57:47.6634025+08:00","2026-04-09T12:41:53.2780746+08:00","Python source","processed_feature","False","False","False","False","metadata_only",""
"D:\schoolshit\fcu\專題\馬達研究\馬達研究\Step2_Feature_Extraction_6000_3.py","馬達研究\Step2_Feature_Extraction_6000_3.py","Step2_Feature_Extraction_6000_3.py",".py","11700","2026-06-26T22:57:47.7407797+08:00","2026-04-09T12:41:53.2860741+08:00","Python source","processed_feature","False","False","False","False","metadata_only",""
"D:\schoolshit\fcu\專題\馬達研究\馬達研究\Step2_Feature_Extraction_8000_1.py","馬達研究\Step2_Feature_Extraction_8000_1.py","Step2_Feature_Extraction_8000_1.py",".py","14159","2026-06-26T22:57:47.8303718+08:00","2026-04-09T12:41:53.2942739+08:00","Python source","processed_feature","False","False","False","False","metadata_only",""
"D:\schoolshit\fcu\專題\馬達研究\馬達研究\Step2_Feature_Extraction_8000_2.py","馬達研究\Step2_Feature_Extraction_8000_2.py","Step2_Feature_Extraction_8000_2.py",".py","11707","2026-06-26T22:57:47.9965019+08:00","2026-04-09T12:41:53.3035339+08:00","Python source","processed_feature","False","False","False","False","metadata_only",""
"D:\schoolshit\fcu\專題\馬達研究\馬達研究\Step2_Feature_Extraction_8000_3.py","馬達研究\Step2_Feature_Extraction_8000_3.py","Step2_Feature_Extraction_8000_3.py",".py","12049","2026-06-26T22:57:48.0737569+08:00","2026-04-09T12:41:53.3105374+08:00","Python source","processed_feature","False","False","False","False","metadata_only",""
"D:\schoolshit\fcu\專題\馬達研究\馬達研究\Step3_Model 1.ipynb","馬達研究\Step3_Model 1.ipynb","Step3_Model 1.ipynb",".ipynb","150986","2026-06-26T22:57:48.1502425+08:00","2026-04-09T12:41:53.3169681+08:00","Jupyter notebook","preprocessing_code","False","False","False","False","metadata_only",""
"D:\schoolshit\fcu\專題\馬達研究\馬達研究\Step3_Model 10__OneStage.ipynb","馬達研究\Step3_Model 10__OneStage.ipynb","Step3_Model 10__OneStage.ipynb",".ipynb","150424","2026-06-26T22:57:48.2068428+08:00","2026-04-09T12:41:53.3244551+08:00","Jupyter notebook","raw_or_source","False","False","False","False","metadata_only",""
"D:\schoolshit\fcu\專題\馬達研究\馬達研究\Step3_Model 10__TwoStage.ipynb","馬達研究\Step3_Model 10__TwoStage.ipynb","Step3_Model 10__TwoStage.ipynb",".ipynb","150980","2026-06-26T22:57:48.2744019+08:00","2026-04-09T12:41:53.3304550+08:00","Jupyter notebook","raw_or_source","False","False","False","False","metadata_only",""
"D:\schoolshit\fcu\專題\馬達研究\馬達研究\Step3_Model 11__OneStage.ipynb","馬達研究\Step3_Model 11__OneStage.ipynb","Step3_Model 11__OneStage.ipynb",".ipynb","231364","2026-06-26T22:57:48.3522059+08:00","2026-04-09T12:41:53.3364557+08:00","Jupyter notebook","raw_or_source","False","False","False","False","metadata_only",""
"D:\schoolshit\fcu\專題\馬達研究\馬達研究\Step3_Model 11__TwoStage.ipynb","馬達研究\Step3_Model 11__TwoStage.ipynb","Step3_Model 11__TwoStage.ipynb",".ipynb","230981","2026-06-26T22:57:48.4189321+08:00","2026-04-09T12:41:53.3434551+08:00","Jupyter notebook","raw_or_source","False","False","False","False","metadata_only",""
"D:\schoolshit\fcu\專題\馬達研究\馬達研究\Step3_Model 12__OneStage.ipynb","馬達研究\Step3_Model 12__OneStage.ipynb","Step3_Model 12__OneStage.ipynb",".ipynb","153757","2026-06-26T22:57:48.4732389+08:00","2026-04-09T12:41:53.3496676+08:00","Jupyter notebook","raw_or_source","False","False","False","False","metadata_only",""
"D:\schoolshit\fcu\專題\馬達研究\馬達研究\Step3_Model 12__TwoStage.ipynb","馬達研究\Step3_Model 12__TwoStage.ipynb","Step3_Model 12__TwoStage.ipynb",".ipynb","150587","2026-06-26T22:57:48.5639658+08:00","2026-04-09T12:41:53.3546673+08:00","Jupyter notebook","raw_or_source","False","False","False","False","metadata_only",""
"D:\schoolshit\fcu\專題\馬達研究\馬達研究\Step3_Model 13__OneStage.ipynb","馬達研究\Step3_Model 13__OneStage.ipynb","Step3_Model 13__OneStage.ipynb",".ipynb","155298","2026-06-26T22:57:48.6298610+08:00","2026-04-09T12:41:53.3620951+08:00","Jupyter notebook","raw_or_source","False","False","False","False","metadata_only",""
"D:\schoolshit\fcu\專題\馬達研究\馬達研究\Step3_Model 13__TwoStage.ipynb","馬達研究\Step3_Model 13__TwoStage.ipynb","Step3_Model 13__TwoStage.ipynb",".ipynb","158363","2026-06-26T22:57:48.7074806+08:00","2026-04-09T12:41:53.3770949+08:00","Jupyter notebook","raw_or_source","False","False","False","False","metadata_only",""
"D:\schoolshit\fcu\專題\馬達研究\馬達研究\Step3_Model 14__OneStage.ipynb","馬達研究\Step3_Model 14__OneStage.ipynb","Step3_Model 14__OneStage.ipynb",".ipynb","213546","2026-06-26T22:57:48.7737975+08:00","2026-04-09T12:41:53.3820945+08:00","Jupyter notebook","raw_or_source","False","False","False","False","metadata_only",""
"D:\schoolshit\fcu\專題\馬達研究\馬達研究\Step3_Model 14__TwoStage.ipynb","馬達研究\Step3_Model 14__TwoStage.ipynb","Step3_Model 14__TwoStage.ipynb",".ipynb","227709","2026-06-26T22:57:48.8413510+08:00","2026-04-09T12:41:53.3880949+08:00","Jupyter notebook","raw_or_source","False","False","False","False","metadata_only",""
"D:\schoolshit\fcu\專題\馬達研究\馬達研究\Step3_Model 15__OneStage.ipynb","馬達研究\Step3_Model 15__OneStage.ipynb","Step3_Model 15__OneStage.ipynb",".ipynb","146599","2026-06-26T22:57:48.9075501+08:00","2026-04-09T12:41:53.3940949+08:00","Jupyter notebook","raw_or_source","False","False","False","False","metadata_only",""
"D:\schoolshit\fcu\專題\馬達研究\馬達研究\Step3_Model 15__TwoStage.ipynb","馬達研究\Step3_Model 15__TwoStage.ipynb","Step3_Model 15__TwoStage.ipynb",".ipynb","149133","2026-06-26T22:57:48.9637194+08:00","2026-04-09T12:41:53.4020933+08:00","Jupyter notebook","raw_or_source","False","False","False","False","metadata_only",""
"D:\schoolshit\fcu\專題\馬達研究\馬達研究\Step3_Model 16__OneStage.ipynb","馬達研究\Step3_Model 16__OneStage.ipynb","Step3_Model 16__OneStage.ipynb",".ipynb","157112","2026-06-26T22:57:49.0409409+08:00","2026-04-09T12:41:53.4081374+08:00","Jupyter notebook","raw_or_source","False","False","False","False","metadata_only",""
"D:\schoolshit\fcu\專題\馬達研究\馬達研究\Step3_Model 16__TwoStage.ipynb","馬達研究\Step3_Model 16__TwoStage.ipynb","Step3_Model 16__TwoStage.ipynb",".ipynb","159585","2026-06-26T22:57:49.0969780+08:00","2026-04-09T12:41:53.4141375+08:00","Jupyter notebook","raw_or_source","False","False","False","False","metadata_only",""
"D:\schoolshit\fcu\專題\馬達研究\馬達研究\Step3_Model 17__OneStage.ipynb","馬達研究\Step3_Model 17__OneStage.ipynb","Step3_Model 17__OneStage.ipynb",".ipynb","223492","2026-06-26T22:57:49.1624536+08:00","2026-04-09T12:41:53.4201396+08:00","Jupyter notebook","raw_or_source","False","False","False","False","metadata_only",""
"D:\schoolshit\fcu\專題\馬達研究\馬達研究\Step3_Model 17__TwoStage.ipynb","馬達研究\Step3_Model 17__TwoStage.ipynb","Step3_Model 17__TwoStage.ipynb",".ipynb","231592","2026-06-26T22:57:49.2301624+08:00","2026-04-09T12:41:53.4270956+08:00","Jupyter notebook","raw_or_source","False","False","False","False","metadata_only",""
"D:\schoolshit\fcu\專題\馬達研究\馬達研究\Step3_Model 18__OneStage.ipynb","馬達研究\Step3_Model 18__OneStage.ipynb","Step3_Model 18__OneStage.ipynb",".ipynb","166953","2026-06-26T22:57:49.3295241+08:00","2026-04-09T12:41:53.4335629+08:00","Jupyter notebook","raw_or_source","False","False","False","False","metadata_only",""
"D:\schoolshit\fcu\專題\馬達研究\馬達研究\Step3_Model 18__TwoStage.ipynb","馬達研究\Step3_Model 18__TwoStage.ipynb","Step3_Model 18__TwoStage.ipynb",".ipynb","160355","2026-06-26T22:57:49.4079552+08:00","2026-04-09T12:41:53.4385744+08:00","Jupyter notebook","raw_or_source","False","False","False","False","metadata_only",""
"D:\schoolshit\fcu\專題\馬達研究\馬達研究\Step3_Model 19__OneStage.ipynb","馬達研究\Step3_Model 19__OneStage.ipynb","Step3_Model 19__OneStage.ipynb",".ipynb","153659","2026-06-26T22:57:49.4855357+08:00","2026-04-09T12:41:53.4445751+08:00","Jupyter notebook","raw_or_source","False","False","False","False","metadata_only",""
"D:\schoolshit\fcu\專題\馬達研究\馬達研究\Step3_Model 19__TwoStage.ipynb","馬達研究\Step3_Model 19__TwoStage.ipynb","Step3_Model 19__TwoStage.ipynb",".ipynb","153759","2026-06-26T22:57:49.5402030+08:00","2026-04-09T12:41:53.4545747+08:00","Jupyter notebook","raw_or_source","False","False","False","False","metadata_only",""
"D:\schoolshit\fcu\專題\馬達研究\馬達研究\Step3_Model 2.ipynb","馬達研究\Step3_Model 2.ipynb","Step3_Model 2.ipynb",".ipynb","507092","2026-06-26T22:57:49.5963597+08:00","2026-04-09T12:41:53.4645747+08:00","Jupyter notebook","preprocessing_code","False","False","False","False","metadata_only",""
"D:\schoolshit\fcu\專題\馬達研究\馬達研究\Step3_Model 20__OneStage.ipynb","馬達研究\Step3_Model 20__OneStage.ipynb","Step3_Model 20__OneStage.ipynb",".ipynb","222359","2026-06-26T22:57:49.6755093+08:00","2026-04-09T12:41:53.4705745+08:00","Jupyter notebook","raw_or_source","False","False","False","False","metadata_only",""
"D:\schoolshit\fcu\專題\馬達研究\馬達研究\Step3_Model 20__TwoStage.ipynb","馬達研究\Step3_Model 20__TwoStage.ipynb","Step3_Model 20__TwoStage.ipynb",".ipynb","213832","2026-06-26T22:57:49.7633911+08:00","2026-04-09T12:41:53.4765750+08:00","Jupyter notebook","raw_or_source","False","False","False","False","metadata_only",""
"D:\schoolshit\fcu\專題\馬達研究\馬達研究\Step3_Model 21__OneStage.ipynb","馬達研究\Step3_Model 21__OneStage.ipynb","Step3_Model 21__OneStage.ipynb",".ipynb","183011","2026-06-26T22:57:49.8289818+08:00","2026-04-09T12:41:53.4835744+08:00","Jupyter notebook","raw_or_source","False","False","False","False","metadata_only",""
"D:\schoolshit\fcu\專題\馬達研究\馬達研究\Step3_Model 21__TwoStage.ipynb","馬達研究\Step3_Model 21__TwoStage.ipynb","Step3_Model 21__TwoStage.ipynb",".ipynb","157271","2026-06-26T22:57:49.8849471+08:00","2026-04-09T12:41:53.4905752+08:00","Jupyter notebook","raw_or_source","False","False","False","False","metadata_only",""
"D:\schoolshit\fcu\專題\馬達研究\馬達研究\Step3_Model 22__OneStage.ipynb","馬達研究\Step3_Model 22__OneStage.ipynb","Step3_Model 22__OneStage.ipynb",".ipynb","158183","2026-06-26T22:57:49.9759822+08:00","2026-04-09T12:41:53.4975736+08:00","Jupyter notebook","raw_or_source","False","False","False","False","metadata_only",""
"D:\schoolshit\fcu\專題\馬達研究\馬達研究\Step3_Model 22__TwoStage.ipynb","馬達研究\Step3_Model 22__TwoStage.ipynb","Step3_Model 22__TwoStage.ipynb",".ipynb","156418","2026-06-26T22:57:50.0404414+08:00","2026-04-09T12:41:53.5045733+08:00","Jupyter notebook","raw_or_source","False","False","False","False","metadata_only",""
"D:\schoolshit\fcu\專題\馬達研究\馬達研究\Step3_Model 23__OneStage.ipynb","馬達研究\Step3_Model 23__OneStage.ipynb","Step3_Model 23__OneStage.ipynb",".ipynb","213354","2026-06-26T22:57:50.1075768+08:00","2026-04-09T12:41:53.5105811+08:00","Jupyter notebook","raw_or_source","False","False","False","False","metadata_only",""
"D:\schoolshit\fcu\專題\馬達研究\馬達研究\Step3_Model 23__TwoStage.ipynb","馬達研究\Step3_Model 23__TwoStage.ipynb","Step3_Model 23__TwoStage.ipynb",".ipynb","213130","2026-06-26T22:57:50.1853450+08:00","2026-04-09T12:41:53.5185812+08:00","Jupyter notebook","raw_or_source","False","False","False","False","metadata_only",""
"D:\schoolshit\fcu\專題\馬達研究\馬達研究\Step3_Model 24__OneStage.ipynb","馬達研究\Step3_Model 24__OneStage.ipynb","Step3_Model 24__OneStage.ipynb",".ipynb","180486","2026-06-26T22:57:50.2635016+08:00","2026-04-09T12:41:53.5250923+08:00","Jupyter notebook","raw_or_source","False","False","False","False","metadata_only",""
"D:\schoolshit\fcu\專題\馬達研究\馬達研究\Step3_Model 24__TwoStage.ipynb","馬達研究\Step3_Model 24__TwoStage.ipynb","Step3_Model 24__TwoStage.ipynb",".ipynb","154050","2026-06-26T22:57:50.3523337+08:00","2026-04-09T12:41:53.5320931+08:00","Jupyter notebook","raw_or_source","False","False","False","False","metadata_only",""
"D:\schoolshit\fcu\專題\馬達研究\馬達研究\Step3_Model 25__OneStage.ipynb","馬達研究\Step3_Model 25__OneStage.ipynb","Step3_Model 25__OneStage.ipynb",".ipynb","156481","2026-06-26T22:57:50.4405455+08:00","2026-04-09T12:41:53.5380930+08:00","Jupyter notebook","raw_or_source","False","False","False","False","metadata_only",""
"D:\schoolshit\fcu\專題\馬達研究\馬達研究\Step3_Model 25__TwoStage.ipynb","馬達研究\Step3_Model 25__TwoStage.ipynb","Step3_Model 25__TwoStage.ipynb",".ipynb","153301","2026-06-26T22:57:50.4969599+08:00","2026-04-09T12:41:53.5430930+08:00","Jupyter notebook","raw_or_source","False","False","False","False","metadata_only",""
"D:\schoolshit\fcu\專題\馬達研究\馬達研究\Step3_Model 26__OneStage.ipynb","馬達研究\Step3_Model 26__OneStage.ipynb","Step3_Model 26__OneStage.ipynb",".ipynb","9914","2026-06-26T22:57:50.5636814+08:00","2026-04-09T12:41:53.5480938+08:00","Jupyter notebook","raw_or_source","False","False","False","False","metadata_only",""
"D:\schoolshit\fcu\專題\馬達研究\馬達研究\Step3_Model 26__TwoStage.ipynb","馬達研究\Step3_Model 26__TwoStage.ipynb","Step3_Model 26__TwoStage.ipynb",".ipynb","227569","2026-06-26T22:57:50.6187050+08:00","2026-04-09T12:41:53.5580931+08:00","Jupyter notebook","raw_or_source","False","False","False","False","metadata_only",""
"D:\schoolshit\fcu\專題\馬達研究\馬達研究\Step3_Model 27__OneStage.ipynb","馬達研究\Step3_Model 27__OneStage.ipynb","Step3_Model 27__OneStage.ipynb",".ipynb","155324","2026-06-26T22:57:50.6851076+08:00","2026-04-09T12:41:53.5640928+08:00","Jupyter notebook","raw_or_source","False","False","False","False","metadata_only",""
"D:\schoolshit\fcu\專題\馬達研究\馬達研究\Step3_Model 27__TwoStage.ipynb","馬達研究\Step3_Model 27__TwoStage.ipynb","Step3_Model 27__TwoStage.ipynb",".ipynb","164777","2026-06-26T22:57:50.7514998+08:00","2026-04-09T12:41:53.5700905+08:00","Jupyter notebook","raw_or_source","False","False","False","False","metadata_only",""
"D:\schoolshit\fcu\專題\馬達研究\馬達研究\Step3_Model 3.ipynb","馬達研究\Step3_Model 3.ipynb","Step3_Model 3.ipynb",".ipynb","561636","2026-06-26T22:57:50.8300183+08:00","2026-04-09T12:41:53.5820928+08:00","Jupyter notebook","preprocessing_code","False","False","False","False","metadata_only",""
"D:\schoolshit\fcu\專題\馬達研究\馬達研究\Step3_Model 4.ipynb","馬達研究\Step3_Model 4.ipynb","Step3_Model 4.ipynb",".ipynb","150256","2026-06-26T22:57:50.9075775+08:00","2026-04-09T12:41:53.5870934+08:00","Jupyter notebook","preprocessing_code","False","False","False","False","metadata_only",""
"D:\schoolshit\fcu\專題\馬達研究\馬達研究\Step3_Model 5.ipynb","馬達研究\Step3_Model 5.ipynb","Step3_Model 5.ipynb",".ipynb","224947","2026-06-26T22:57:50.9745449+08:00","2026-04-09T12:41:53.5930926+08:00","Jupyter notebook","preprocessing_code","False","False","False","False","metadata_only",""
"D:\schoolshit\fcu\專題\馬達研究\馬達研究\Step3_Model 6.ipynb","馬達研究\Step3_Model 6.ipynb","Step3_Model 6.ipynb",".ipynb","152533","2026-06-26T22:57:51.0413139+08:00","2026-04-09T12:41:53.5991152+08:00","Jupyter notebook","preprocessing_code","False","False","False","False","metadata_only",""
"D:\schoolshit\fcu\專題\馬達研究\馬達研究\Step3_Model 7.ipynb","馬達研究\Step3_Model 7.ipynb","Step3_Model 7.ipynb",".ipynb","145443","2026-06-26T22:57:51.1081302+08:00","2026-04-09T12:41:53.6070923+08:00","Jupyter notebook","preprocessing_code","False","False","False","False","metadata_only",""
"D:\schoolshit\fcu\專題\馬達研究\馬達研究\Step3_Model 8.ipynb","馬達研究\Step3_Model 8.ipynb","Step3_Model 8.ipynb",".ipynb","225046","2026-06-26T22:57:51.1743463+08:00","2026-04-09T12:41:53.6130974+08:00","Jupyter notebook","preprocessing_code","False","False","False","False","metadata_only",""
"D:\schoolshit\fcu\專題\馬達研究\馬達研究\Step3_Model 9.ipynb","馬達研究\Step3_Model 9.ipynb","Step3_Model 9.ipynb",".ipynb","154408","2026-06-26T22:57:51.2520918+08:00","2026-04-09T12:41:53.6180987+08:00","Jupyter notebook","preprocessing_code","False","False","False","False","metadata_only",""
"D:\schoolshit\fcu\專題\馬達研究\馬達研究\Step4_Model 10__Detecting.ipynb","馬達研究\Step4_Model 10__Detecting.ipynb","Step4_Model 10__Detecting.ipynb",".ipynb","10156","2026-06-26T22:57:51.3304989+08:00","2026-04-09T12:41:53.6236243+08:00","Jupyter notebook","preprocessing_code","False","False","False","False","metadata_only",""
"D:\schoolshit\fcu\專題\馬達研究\馬達研究\Step4_Model 11__Detecting.ipynb","馬達研究\Step4_Model 11__Detecting.ipynb","Step4_Model 11__Detecting.ipynb",".ipynb","10153","2026-06-26T22:57:51.4525563+08:00","2026-04-09T12:41:53.6286240+08:00","Jupyter notebook","preprocessing_code","False","False","False","False","metadata_only",""
"D:\schoolshit\fcu\專題\馬達研究\馬達研究\Step4_Model 12__Detecting.ipynb","馬達研究\Step4_Model 12__Detecting.ipynb","Step4_Model 12__Detecting.ipynb",".ipynb","10152","2026-06-26T22:57:51.6523057+08:00","2026-04-09T12:41:53.6326380+08:00","Jupyter notebook","preprocessing_code","False","False","False","False","metadata_only",""
"D:\schoolshit\fcu\專題\馬達研究\馬達研究\Step4_Model 13__Detecting.ipynb","馬達研究\Step4_Model 13__Detecting.ipynb","Step4_Model 13__Detecting.ipynb",".ipynb","10156","2026-06-26T22:57:51.7196149+08:00","2026-04-09T12:41:53.6376247+08:00","Jupyter notebook","preprocessing_code","False","False","False","False","metadata_only",""
"D:\schoolshit\fcu\專題\馬達研究\馬達研究\Step4_Model 14__Detecting.ipynb","馬達研究\Step4_Model 14__Detecting.ipynb","Step4_Model 14__Detecting.ipynb",".ipynb","10153","2026-06-26T22:57:51.7740403+08:00","2026-04-09T12:41:53.6426236+08:00","Jupyter notebook","preprocessing_code","False","False","False","False","metadata_only",""
"D:\schoolshit\fcu\專題\馬達研究\馬達研究\Step4_Model 15__Detecting.ipynb","馬達研究\Step4_Model 15__Detecting.ipynb","Step4_Model 15__Detecting.ipynb",".ipynb","10152","2026-06-26T22:57:51.8404709+08:00","2026-04-09T12:41:53.6477271+08:00","Jupyter notebook","preprocessing_code","False","False","False","False","metadata_only",""
"D:\schoolshit\fcu\專題\馬達研究\馬達研究\Step4_Model 16__Detecting.ipynb","馬達研究\Step4_Model 16__Detecting.ipynb","Step4_Model 16__Detecting.ipynb",".ipynb","10160","2026-06-26T22:57:51.9082958+08:00","2026-04-09T12:41:53.6527265+08:00","Jupyter notebook","preprocessing_code","False","False","False","False","metadata_only",""
"D:\schoolshit\fcu\專題\馬達研究\馬達研究\Step4_Model 17__Detecting.ipynb","馬達研究\Step4_Model 17__Detecting.ipynb","Step4_Model 17__Detecting.ipynb",".ipynb","10157","2026-06-26T22:57:51.9857436+08:00","2026-04-09T12:41:53.6577272+08:00","Jupyter notebook","preprocessing_code","False","False","False","False","metadata_only",""
"D:\schoolshit\fcu\專題\馬達研究\馬達研究\Step4_Model 18__Detecting.ipynb","馬達研究\Step4_Model 18__Detecting.ipynb","Step4_Model 18__Detecting.ipynb",".ipynb","10156","2026-06-26T22:57:52.0518284+08:00","2026-04-09T12:41:53.6757268+08:00","Jupyter notebook","preprocessing_code","False","False","False","False","metadata_only",""
"D:\schoolshit\fcu\專題\馬達研究\馬達研究\Step4_Model 19__Detecting.ipynb","馬達研究\Step4_Model 19__Detecting.ipynb","Step4_Model 19__Detecting.ipynb",".ipynb","10156","2026-06-26T22:57:52.1189152+08:00","2026-04-09T12:41:53.6807272+08:00","Jupyter notebook","preprocessing_code","False","False","False","False","metadata_only",""
"D:\schoolshit\fcu\專題\馬達研究\馬達研究\Step4_Model 1__Detecting.ipynb","馬達研究\Step4_Model 1__Detecting.ipynb","Step4_Model 1__Detecting.ipynb",".ipynb","417235","2026-06-26T22:57:52.1850695+08:00","2026-04-09T12:41:53.6947272+08:00","Jupyter notebook","preprocessing_code","False","False","False","False","metadata_only",""
"D:\schoolshit\fcu\專題\馬達研究\馬達研究\Step4_Model 20__Detecting.ipynb","馬達研究\Step4_Model 20__Detecting.ipynb","Step4_Model 20__Detecting.ipynb",".ipynb","10153","2026-06-26T22:57:52.2637020+08:00","2026-04-09T12:41:53.6997248+08:00","Jupyter notebook","preprocessing_code","False","False","False","False","metadata_only",""
"D:\schoolshit\fcu\專題\馬達研究\馬達研究\Step4_Model 21__Detecting.ipynb","馬達研究\Step4_Model 21__Detecting.ipynb","Step4_Model 21__Detecting.ipynb",".ipynb","10152","2026-06-26T22:57:52.3190744+08:00","2026-04-09T12:41:53.7047263+08:00","Jupyter notebook","preprocessing_code","False","False","False","False","metadata_only",""
"D:\schoolshit\fcu\專題\馬達研究\馬達研究\Step4_Model 22__Detecting.ipynb","馬達研究\Step4_Model 22__Detecting.ipynb","Step4_Model 22__Detecting.ipynb",".ipynb","65326","2026-06-26T22:57:52.3751593+08:00","2026-04-09T12:41:53.7099740+08:00","Jupyter notebook","preprocessing_code","False","False","False","False","metadata_only",""
"D:\schoolshit\fcu\專題\馬達研究\馬達研究\Step4_Model 23__Detecting.ipynb","馬達研究\Step4_Model 23__Detecting.ipynb","Step4_Model 23__Detecting.ipynb",".ipynb","49745","2026-06-26T22:57:52.4518899+08:00","2026-04-09T12:41:53.7159816+08:00","Jupyter notebook","preprocessing_code","False","False","False","False","metadata_only",""
"D:\schoolshit\fcu\專題\馬達研究\馬達研究\Step4_Model 24__Detecting.ipynb","馬達研究\Step4_Model 24__Detecting.ipynb","Step4_Model 24__Detecting.ipynb",".ipynb","10152","2026-06-26T22:57:52.5296947+08:00","2026-04-09T12:41:53.7209818+08:00","Jupyter notebook","preprocessing_code","False","False","False","False","metadata_only",""
"D:\schoolshit\fcu\專題\馬達研究\馬達研究\Step4_Model 25__Detecting.ipynb","馬達研究\Step4_Model 25__Detecting.ipynb","Step4_Model 25__Detecting.ipynb",".ipynb","10160","2026-06-26T22:57:52.6075903+08:00","2026-04-09T12:41:53.7254918+08:00","Jupyter notebook","preprocessing_code","False","False","False","False","metadata_only",""
"D:\schoolshit\fcu\專題\馬達研究\馬達研究\Step4_Model 26__Detecting.ipynb","馬達研究\Step4_Model 26__Detecting.ipynb","Step4_Model 26__Detecting.ipynb",".ipynb","10157","2026-06-26T22:57:52.6978948+08:00","2026-04-09T12:41:53.7304918+08:00","Jupyter notebook","preprocessing_code","False","False","False","False","metadata_only",""
"D:\schoolshit\fcu\專題\馬達研究\馬達研究\Step4_Model 27__Detecting.ipynb","馬達研究\Step4_Model 27__Detecting.ipynb","Step4_Model 27__Detecting.ipynb",".ipynb","10156","2026-06-26T22:57:52.7741767+08:00","2026-04-09T12:41:53.7354914+08:00","Jupyter notebook","preprocessing_code","False","False","False","False","metadata_only",""
"D:\schoolshit\fcu\專題\馬達研究\馬達研究\Step4_Model 2__Detecting.ipynb","馬達研究\Step4_Model 2__Detecting.ipynb","Step4_Model 2__Detecting.ipynb",".ipynb","23851","2026-06-26T22:57:52.8516776+08:00","2026-04-09T12:41:53.7414919+08:00","Jupyter notebook","preprocessing_code","False","False","False","False","metadata_only",""
"D:\schoolshit\fcu\專題\馬達研究\馬達研究\Step4_Model 3__Detecting.ipynb","馬達研究\Step4_Model 3__Detecting.ipynb","Step4_Model 3__Detecting.ipynb",".ipynb","23466","2026-06-26T22:57:52.9305886+08:00","2026-04-09T12:41:53.7464922+08:00","Jupyter notebook","preprocessing_code","False","False","False","False","metadata_only",""
"D:\schoolshit\fcu\專題\馬達研究\馬達研究\Step4_Model 4__Detecting.ipynb","馬達研究\Step4_Model 4__Detecting.ipynb","Step4_Model 4__Detecting.ipynb",".ipynb","10156","2026-06-26T22:57:53.0079583+08:00","2026-04-09T12:41:53.7514922+08:00","Jupyter notebook","preprocessing_code","False","False","False","False","metadata_only",""
"D:\schoolshit\fcu\專題\馬達研究\馬達研究\Step4_Model 5__Detecting.ipynb","馬達研究\Step4_Model 5__Detecting.ipynb","Step4_Model 5__Detecting.ipynb",".ipynb","10154","2026-06-26T22:57:53.0738421+08:00","2026-04-09T12:41:53.7624924+08:00","Jupyter notebook","preprocessing_code","False","False","False","False","metadata_only",""
"D:\schoolshit\fcu\專題\馬達研究\馬達研究\Step4_Model 6__Detecting.ipynb","馬達研究\Step4_Model 6__Detecting.ipynb","Step4_Model 6__Detecting.ipynb",".ipynb","10153","2026-06-26T22:57:53.1519431+08:00","2026-04-09T12:41:53.7684920+08:00","Jupyter notebook","preprocessing_code","False","False","False","False","metadata_only",""
"D:\schoolshit\fcu\專題\馬達研究\馬達研究\Step4_Model 7__Detecting.ipynb","馬達研究\Step4_Model 7__Detecting.ipynb","Step4_Model 7__Detecting.ipynb",".ipynb","10161","2026-06-26T22:57:53.2186542+08:00","2026-04-09T12:41:53.7734921+08:00","Jupyter notebook","preprocessing_code","False","False","False","False","metadata_only",""
"D:\schoolshit\fcu\專題\馬達研究\馬達研究\Step4_Model 8__Detecting.ipynb","馬達研究\Step4_Model 8__Detecting.ipynb","Step4_Model 8__Detecting.ipynb",".ipynb","10157","2026-06-26T22:57:53.2853723+08:00","2026-04-09T12:41:53.7784922+08:00","Jupyter notebook","preprocessing_code","False","False","False","False","metadata_only",""
"D:\schoolshit\fcu\專題\馬達研究\馬達研究\Step4_Model 9__Detecting.ipynb","馬達研究\Step4_Model 9__Detecting.ipynb","Step4_Model 9__Detecting.ipynb",".ipynb","10157","2026-06-26T22:57:53.4187469+08:00","2026-04-09T12:41:53.7834921+08:00","Jupyter notebook","preprocessing_code","False","False","False","False","metadata_only",""
"D:\schoolshit\fcu\專題\馬達研究\馬達研究\Step5_Model 10__Random_Detecting.ipynb","馬達研究\Step5_Model 10__Random_Detecting.ipynb","Step5_Model 10__Random_Detecting.ipynb",".ipynb","124843","2026-06-26T22:57:53.5180974+08:00","2026-04-09T12:41:53.7894923+08:00","Jupyter notebook","preprocessing_code","False","False","False","False","metadata_only",""
"D:\schoolshit\fcu\專題\馬達研究\馬達研究\Step5_Model 11__Random_Detecting.ipynb","馬達研究\Step5_Model 11__Random_Detecting.ipynb","Step5_Model 11__Random_Detecting.ipynb",".ipynb","108649","2026-06-26T22:57:53.6071125+08:00","2026-04-09T12:41:53.7964933+08:00","Jupyter notebook","preprocessing_code","False","False","False","False","metadata_only",""
"D:\schoolshit\fcu\專題\馬達研究\馬達研究\Step5_Model 12__Random_Detecting.ipynb","馬達研究\Step5_Model 12__Random_Detecting.ipynb","Step5_Model 12__Random_Detecting.ipynb",".ipynb","126184","2026-06-26T22:57:53.6637422+08:00","2026-04-09T12:41:53.8044917+08:00","Jupyter notebook","preprocessing_code","False","False","False","False","metadata_only",""
"D:\schoolshit\fcu\專題\馬達研究\馬達研究\Step5_Model 13__Random_Detecting.ipynb","馬達研究\Step5_Model 13__Random_Detecting.ipynb","Step5_Model 13__Random_Detecting.ipynb",".ipynb","114009","2026-06-26T22:57:53.7296385+08:00","2026-04-09T12:41:53.8104971+08:00","Jupyter notebook","preprocessing_code","False","False","False","False","metadata_only",""
"D:\schoolshit\fcu\專題\馬達研究\馬達研究\Step5_Model 14__Random_Detecting.ipynb","馬達研究\Step5_Model 14__Random_Detecting.ipynb","Step5_Model 14__Random_Detecting.ipynb",".ipynb","120211","2026-06-26T22:57:53.8075792+08:00","2026-04-09T12:41:53.8280253+08:00","Jupyter notebook","preprocessing_code","False","False","False","False","metadata_only",""
"D:\schoolshit\fcu\專題\馬達研究\馬達研究\Step5_Model 15__Random_Detecting.ipynb","馬達研究\Step5_Model 15__Random_Detecting.ipynb","Step5_Model 15__Random_Detecting.ipynb",".ipynb","133501","2026-06-26T22:57:53.8851176+08:00","2026-04-09T12:41:53.8350252+08:00","Jupyter notebook","preprocessing_code","False","False","False","False","metadata_only",""
"D:\schoolshit\fcu\專題\馬達研究\馬達研究\Step5_Model 16__Random_Detecting.ipynb","馬達研究\Step5_Model 16__Random_Detecting.ipynb","Step5_Model 16__Random_Detecting.ipynb",".ipynb","119386","2026-06-26T22:57:53.9637605+08:00","2026-04-09T12:41:53.8420249+08:00","Jupyter notebook","preprocessing_code","False","False","False","False","metadata_only",""
"D:\schoolshit\fcu\專題\馬達研究\馬達研究\Step5_Model 17__Random_Detecting.ipynb","馬達研究\Step5_Model 17__Random_Detecting.ipynb","Step5_Model 17__Random_Detecting.ipynb",".ipynb","119935","2026-06-26T22:57:54.0403081+08:00","2026-04-09T12:41:53.8480258+08:00","Jupyter notebook","preprocessing_code","False","False","False","False","metadata_only",""
"D:\schoolshit\fcu\專題\馬達研究\馬達研究\Step5_Model 18__Random_Detecting.ipynb","馬達研究\Step5_Model 18__Random_Detecting.ipynb","Step5_Model 18__Random_Detecting.ipynb",".ipynb","117066","2026-06-26T22:57:54.1072917+08:00","2026-04-09T12:41:53.8550253+08:00","Jupyter notebook","preprocessing_code","False","False","False","False","metadata_only",""
"D:\schoolshit\fcu\專題\馬達研究\馬達研究\Step5_Model 19__Random_Detecting.ipynb","馬達研究\Step5_Model 19__Random_Detecting.ipynb","Step5_Model 19__Random_Detecting.ipynb",".ipynb","118538","2026-06-26T22:57:54.1858223+08:00","2026-04-09T12:41:53.8620260+08:00","Jupyter notebook","preprocessing_code","False","False","False","False","metadata_only",""
"D:\schoolshit\fcu\專題\馬達研究\馬達研究\Step5_Model 1__Random_Detecting.ipynb","馬達研究\Step5_Model 1__Random_Detecting.ipynb","Step5_Model 1__Random_Detecting.ipynb",".ipynb","114278","2026-06-26T22:57:54.2523942+08:00","2026-04-09T12:41:53.8710254+08:00","Jupyter notebook","preprocessing_code","False","False","False","False","metadata_only",""
"D:\schoolshit\fcu\專題\馬達研究\馬達研究\Step5_Model 20__Random_Detecting.ipynb","馬達研究\Step5_Model 20__Random_Detecting.ipynb","Step5_Model 20__Random_Detecting.ipynb",".ipynb","107657","2026-06-26T22:57:54.3299616+08:00","2026-04-09T12:41:53.8880262+08:00","Jupyter notebook","preprocessing_code","False","False","False","False","metadata_only",""
"D:\schoolshit\fcu\專題\馬達研究\馬達研究\Step5_Model 21__Random_Detecting.ipynb","馬達研究\Step5_Model 21__Random_Detecting.ipynb","Step5_Model 21__Random_Detecting.ipynb",".ipynb","107840","2026-06-26T22:57:54.3852086+08:00","2026-04-09T12:41:53.8950255+08:00","Jupyter notebook","preprocessing_code","False","False","False","False","metadata_only",""
"D:\schoolshit\fcu\專題\馬達研究\馬達研究\Step5_Model 22__Random_Detecting.ipynb","馬達研究\Step5_Model 22__Random_Detecting.ipynb","Step5_Model 22__Random_Detecting.ipynb",".ipynb","118990","2026-06-26T22:57:54.4522587+08:00","2026-04-09T12:41:53.9010256+08:00","Jupyter notebook","preprocessing_code","False","False","False","False","metadata_only",""
"D:\schoolshit\fcu\專題\馬達研究\馬達研究\Step5_Model 23__Random_Detecting.ipynb","馬達研究\Step5_Model 23__Random_Detecting.ipynb","Step5_Model 23__Random_Detecting.ipynb",".ipynb","106905","2026-06-26T22:57:54.5188131+08:00","2026-04-09T12:41:53.9090325+08:00","Jupyter notebook","preprocessing_code","False","False","False","False","metadata_only",""
"D:\schoolshit\fcu\專題\馬達研究\馬達研究\Step5_Model 24__Random_Detecting.ipynb","馬達研究\Step5_Model 24__Random_Detecting.ipynb","Step5_Model 24__Random_Detecting.ipynb",".ipynb","131794","2026-06-26T22:57:54.6743187+08:00","2026-04-09T12:41:53.9170313+08:00","Jupyter notebook","preprocessing_code","False","False","False","False","metadata_only",""
"D:\schoolshit\fcu\專題\馬達研究\馬達研究\Step5_Model 25__Random_Detecting.ipynb","馬達研究\Step5_Model 25__Random_Detecting.ipynb","Step5_Model 25__Random_Detecting.ipynb",".ipynb","124323","2026-06-26T22:57:54.7521734+08:00","2026-04-09T12:41:53.9245108+08:00","Jupyter notebook","preprocessing_code","False","False","False","False","metadata_only",""
"D:\schoolshit\fcu\專題\馬達研究\馬達研究\Step5_Model 26__Random_Detecting.ipynb","馬達研究\Step5_Model 26__Random_Detecting.ipynb","Step5_Model 26__Random_Detecting.ipynb",".ipynb","125728","2026-06-26T22:57:54.8408199+08:00","2026-04-09T12:41:53.9325102+08:00","Jupyter notebook","preprocessing_code","False","False","False","False","metadata_only",""
"D:\schoolshit\fcu\專題\馬達研究\馬達研究\Step5_Model 27__Random_Detecting.ipynb","馬達研究\Step5_Model 27__Random_Detecting.ipynb","Step5_Model 27__Random_Detecting.ipynb",".ipynb","125983","2026-06-26T22:57:54.9197010+08:00","2026-04-09T12:41:53.9395120+08:00","Jupyter notebook","preprocessing_code","False","False","False","False","metadata_only",""
"D:\schoolshit\fcu\專題\馬達研究\馬達研究\Step5_Model 2__Random_Detecting.ipynb","馬達研究\Step5_Model 2__Random_Detecting.ipynb","Step5_Model 2__Random_Detecting.ipynb",".ipynb","125939","2026-06-26T22:57:54.9856744+08:00","2026-04-09T12:41:53.9465110+08:00","Jupyter notebook","preprocessing_code","False","False","False","False","metadata_only",""
"D:\schoolshit\fcu\專題\馬達研究\馬達研究\Step5_Model 3__Random_Detecting.ipynb","馬達研究\Step5_Model 3__Random_Detecting.ipynb","Step5_Model 3__Random_Detecting.ipynb",".ipynb","115107","2026-06-26T22:57:55.0524136+08:00","2026-04-09T12:41:53.9545108+08:00","Jupyter notebook","preprocessing_code","False","False","False","False","metadata_only",""
"D:\schoolshit\fcu\專題\馬達研究\馬達研究\Step5_Model 4__Random_Detecting.ipynb","馬達研究\Step5_Model 4__Random_Detecting.ipynb","Step5_Model 4__Random_Detecting.ipynb",".ipynb","113985","2026-06-26T22:57:55.1294311+08:00","2026-04-09T12:41:53.9635133+08:00","Jupyter notebook","preprocessing_code","False","False","False","False","metadata_only",""
"D:\schoolshit\fcu\專題\馬達研究\馬達研究\Step5_Model 5__Random_Detecting.ipynb","馬達研究\Step5_Model 5__Random_Detecting.ipynb","Step5_Model 5__Random_Detecting.ipynb",".ipynb","108733","2026-06-26T22:57:55.1967820+08:00","2026-04-09T12:41:53.9725104+08:00","Jupyter notebook","preprocessing_code","False","False","False","False","metadata_only",""
"D:\schoolshit\fcu\專題\馬達研究\馬達研究\Step5_Model 6__Random_Detecting.ipynb","馬達研究\Step5_Model 6__Random_Detecting.ipynb","Step5_Model 6__Random_Detecting.ipynb",".ipynb","114914","2026-06-26T22:57:55.2637708+08:00","2026-04-09T12:41:53.9795111+08:00","Jupyter notebook","preprocessing_code","False","False","False","False","metadata_only",""
"D:\schoolshit\fcu\專題\馬達研究\馬達研究\Step5_Model 7__Random_Detecting.ipynb","馬達研究\Step5_Model 7__Random_Detecting.ipynb","Step5_Model 7__Random_Detecting.ipynb",".ipynb","130216","2026-06-26T22:57:55.3292540+08:00","2026-04-09T12:41:53.9865104+08:00","Jupyter notebook","preprocessing_code","False","False","False","False","metadata_only",""
"D:\schoolshit\fcu\專題\馬達研究\馬達研究\Step5_Model 8__Random_Detecting.ipynb","馬達研究\Step5_Model 8__Random_Detecting.ipynb","Step5_Model 8__Random_Detecting.ipynb",".ipynb","119251","2026-06-26T22:57:55.3969557+08:00","2026-04-09T12:41:53.9975112+08:00","Jupyter notebook","preprocessing_code","False","False","False","False","metadata_only",""
"D:\schoolshit\fcu\專題\馬達研究\馬達研究\Step5_Model 9__Random_Detecting.ipynb","馬達研究\Step5_Model 9__Random_Detecting.ipynb","Step5_Model 9__Random_Detecting.ipynb",".ipynb","127071","2026-06-26T22:57:55.4744941+08:00","2026-04-09T12:41:54.0055106+08:00","Jupyter notebook","preprocessing_code","False","False","False","False","metadata_only",""
"D:\schoolshit\fcu\專題\馬達研究\馬達研究\Step6_Model 10__Retrain.ipynb","馬達研究\Step6_Model 10__Retrain.ipynb","Step6_Model 10__Retrain.ipynb",".ipynb","165357","2026-06-26T22:57:55.5509649+08:00","2026-04-09T12:41:54.0125168+08:00","Jupyter notebook","preprocessing_code","False","False","False","False","metadata_only",""
"D:\schoolshit\fcu\專題\馬達研究\馬達研究\Step6_Model 11__Retrain.ipynb","馬達研究\Step6_Model 11__Retrain.ipynb","Step6_Model 11__Retrain.ipynb",".ipynb","239186","2026-06-26T22:57:55.6187136+08:00","2026-04-09T12:41:54.0205170+08:00","Jupyter notebook","preprocessing_code","False","False","False","False","metadata_only",""
"D:\schoolshit\fcu\專題\馬達研究\馬達研究\Step6_Model 12__Retrain.ipynb","馬達研究\Step6_Model 12__Retrain.ipynb","Step6_Model 12__Retrain.ipynb",".ipynb","169489","2026-06-26T22:57:55.6847941+08:00","2026-04-09T12:41:54.0270270+08:00","Jupyter notebook","preprocessing_code","False","False","False","False","metadata_only",""
"D:\schoolshit\fcu\專題\馬達研究\馬達研究\Step6_Model 13__Retrain.ipynb","馬達研究\Step6_Model 13__Retrain.ipynb","Step6_Model 13__Retrain.ipynb",".ipynb","167757","2026-06-26T22:57:55.7635160+08:00","2026-04-09T12:41:54.0450273+08:00","Jupyter notebook","preprocessing_code","False","False","False","False","metadata_only",""
"D:\schoolshit\fcu\專題\馬達研究\馬達研究\Step6_Model 14__Retrain.ipynb","馬達研究\Step6_Model 14__Retrain.ipynb","Step6_Model 14__Retrain.ipynb",".ipynb","239922","2026-06-26T22:57:55.8297698+08:00","2026-04-09T12:41:54.0520288+08:00","Jupyter notebook","preprocessing_code","False","False","False","False","metadata_only",""
"D:\schoolshit\fcu\專題\馬達研究\馬達研究\Step6_Model 15__Retrain.ipynb","馬達研究\Step6_Model 15__Retrain.ipynb","Step6_Model 15__Retrain.ipynb",".ipynb","169180","2026-06-26T22:57:55.9082537+08:00","2026-04-09T12:41:54.0600262+08:00","Jupyter notebook","preprocessing_code","False","False","False","False","metadata_only",""
"D:\schoolshit\fcu\專題\馬達研究\馬達研究\Step6_Model 16__Retrain.ipynb","馬達研究\Step6_Model 16__Retrain.ipynb","Step6_Model 16__Retrain.ipynb",".ipynb","167127","2026-06-26T22:57:55.9738241+08:00","2026-04-09T12:41:54.0660283+08:00","Jupyter notebook","preprocessing_code","False","False","False","False","metadata_only",""
"D:\schoolshit\fcu\專題\馬達研究\馬達研究\Step6_Model 17__Retrain.ipynb","馬達研究\Step6_Model 17__Retrain.ipynb","Step6_Model 17__Retrain.ipynb",".ipynb","240201","2026-06-26T22:57:56.0644458+08:00","2026-04-09T12:41:54.0830276+08:00","Jupyter notebook","preprocessing_code","False","False","False","False","metadata_only",""
"D:\schoolshit\fcu\專題\馬達研究\馬達研究\Step6_Model 18__Retrain.ipynb","馬達研究\Step6_Model 18__Retrain.ipynb","Step6_Model 18__Retrain.ipynb",".ipynb","173536","2026-06-26T22:57:56.1294060+08:00","2026-04-09T12:41:54.0900274+08:00","Jupyter notebook","preprocessing_code","False","False","False","False","metadata_only",""
"D:\schoolshit\fcu\專題\馬達研究\馬達研究\Step6_Model 19__Retrain.ipynb","馬達研究\Step6_Model 19__Retrain.ipynb","Step6_Model 19__Retrain.ipynb",".ipynb","160052","2026-06-26T22:57:56.1966530+08:00","2026-04-09T12:41:54.0960271+08:00","Jupyter notebook","preprocessing_code","False","False","False","False","metadata_only",""
"D:\schoolshit\fcu\專題\馬達研究\馬達研究\Step6_Model 1__Retrain.ipynb","馬達研究\Step6_Model 1__Retrain.ipynb","Step6_Model 1__Retrain.ipynb",".ipynb","169826","2026-06-26T22:57:56.2629156+08:00","2026-04-09T12:41:54.1070264+08:00","Jupyter notebook","preprocessing_code","False","False","False","False","metadata_only",""
"D:\schoolshit\fcu\專題\馬達研究\馬達研究\Step6_Model 20__Retrain.ipynb","馬達研究\Step6_Model 20__Retrain.ipynb","Step6_Model 20__Retrain.ipynb",".ipynb","200427","2026-06-26T22:57:56.3302814+08:00","2026-04-09T12:41:54.1130306+08:00","Jupyter notebook","preprocessing_code","False","False","False","False","metadata_only",""
"D:\schoolshit\fcu\專題\馬達研究\馬達研究\Step6_Model 21__Retrain.ipynb","馬達研究\Step6_Model 21__Retrain.ipynb","Step6_Model 21__Retrain.ipynb",".ipynb","171112","2026-06-26T22:57:56.3968520+08:00","2026-04-09T12:41:54.1190320+08:00","Jupyter notebook","preprocessing_code","False","False","False","False","metadata_only",""
"D:\schoolshit\fcu\專題\馬達研究\馬達研究\Step6_Model 22__Retrain.ipynb","馬達研究\Step6_Model 22__Retrain.ipynb","Step6_Model 22__Retrain.ipynb",".ipynb","160663","2026-06-26T22:57:56.4630337+08:00","2026-04-09T12:41:54.1335824+08:00","Jupyter notebook","preprocessing_code","False","False","False","False","metadata_only",""
"D:\schoolshit\fcu\專題\馬達研究\馬達研究\Step6_Model 23__Retrain.ipynb","馬達研究\Step6_Model 23__Retrain.ipynb","Step6_Model 23__Retrain.ipynb",".ipynb","221014","2026-06-26T22:57:56.5403977+08:00","2026-04-09T12:41:54.1398991+08:00","Jupyter notebook","preprocessing_code","False","False","False","False","metadata_only",""
"D:\schoolshit\fcu\專題\馬達研究\馬達研究\Step6_Model 24__Retrain.ipynb","馬達研究\Step6_Model 24__Retrain.ipynb","Step6_Model 24__Retrain.ipynb",".ipynb","169409","2026-06-26T22:57:56.6190583+08:00","2026-04-09T12:41:54.1459270+08:00","Jupyter notebook","preprocessing_code","False","False","False","False","metadata_only",""
"D:\schoolshit\fcu\專題\馬達研究\馬達研究\Step6_Model 25__Retrain.ipynb","馬達研究\Step6_Model 25__Retrain.ipynb","Step6_Model 25__Retrain.ipynb",".ipynb","165993","2026-06-26T22:57:56.6968409+08:00","2026-04-09T12:41:54.1559044+08:00","Jupyter notebook","preprocessing_code","False","False","False","False","metadata_only",""
"D:\schoolshit\fcu\專題\馬達研究\馬達研究\Step6_Model 26__Retrain.ipynb","馬達研究\Step6_Model 26__Retrain.ipynb","Step6_Model 26__Retrain.ipynb",".ipynb","199490","2026-06-26T22:57:56.7741152+08:00","2026-04-09T12:41:54.1619032+08:00","Jupyter notebook","preprocessing_code","False","False","False","False","metadata_only",""
"D:\schoolshit\fcu\專題\馬達研究\馬達研究\Step6_Model 27__Retrain.ipynb","馬達研究\Step6_Model 27__Retrain.ipynb","Step6_Model 27__Retrain.ipynb",".ipynb","175045","2026-06-26T22:57:56.8416117+08:00","2026-04-09T12:41:54.1679043+08:00","Jupyter notebook","preprocessing_code","False","False","False","False","metadata_only",""
"D:\schoolshit\fcu\專題\馬達研究\馬達研究\Step6_Model 2__Retrain.ipynb","馬達研究\Step6_Model 2__Retrain.ipynb","Step6_Model 2__Retrain.ipynb",".ipynb","236301","2026-06-26T22:57:56.9081906+08:00","2026-04-09T12:41:54.1759045+08:00","Jupyter notebook","preprocessing_code","False","False","False","False","metadata_only",""
"D:\schoolshit\fcu\專題\馬達研究\馬達研究\Step6_Model 3__Retrain.ipynb","馬達研究\Step6_Model 3__Retrain.ipynb","Step6_Model 3__Retrain.ipynb",".ipynb","179633","2026-06-26T22:57:56.9749260+08:00","2026-04-09T12:41:54.1899037+08:00","Jupyter notebook","preprocessing_code","False","False","False","False","metadata_only",""
"D:\schoolshit\fcu\專題\馬達研究\馬達研究\Step6_Model 4__Retrain.ipynb","馬達研究\Step6_Model 4__Retrain.ipynb","Step6_Model 4__Retrain.ipynb",".ipynb","158481","2026-06-26T22:57:57.0515485+08:00","2026-04-09T12:41:54.1959036+08:00","Jupyter notebook","preprocessing_code","False","False","False","False","metadata_only",""
"D:\schoolshit\fcu\專題\馬達研究\馬達研究\Step6_Model 5__Retrain.ipynb","馬達研究\Step6_Model 5__Retrain.ipynb","Step6_Model 5__Retrain.ipynb",".ipynb","230643","2026-06-26T22:57:57.1303486+08:00","2026-04-09T12:41:54.2019050+08:00","Jupyter notebook","preprocessing_code","False","False","False","False","metadata_only",""
"D:\schoolshit\fcu\專題\馬達研究\馬達研究\Step6_Model 6__Retrain.ipynb","馬達研究\Step6_Model 6__Retrain.ipynb","Step6_Model 6__Retrain.ipynb",".ipynb","170831","2026-06-26T22:57:57.2076072+08:00","2026-04-09T12:41:54.2189071+08:00","Jupyter notebook","preprocessing_code","False","False","False","False","metadata_only",""
"D:\schoolshit\fcu\專題\馬達研究\馬達研究\Step6_Model 7__Retrain.ipynb","馬達研究\Step6_Model 7__Retrain.ipynb","Step6_Model 7__Retrain.ipynb",".ipynb","165926","2026-06-26T22:57:57.2740052+08:00","2026-04-09T12:41:54.2244175+08:00","Jupyter notebook","preprocessing_code","False","False","False","False","metadata_only",""
"D:\schoolshit\fcu\專題\馬達研究\馬達研究\Step6_Model 8__Retrain.ipynb","馬達研究\Step6_Model 8__Retrain.ipynb","Step6_Model 8__Retrain.ipynb",".ipynb","238022","2026-06-26T22:57:57.3535945+08:00","2026-04-09T12:41:54.2314195+08:00","Jupyter notebook","preprocessing_code","False","False","False","False","metadata_only",""
"D:\schoolshit\fcu\專題\馬達研究\馬達研究\Step6_Model 9__Retrain.ipynb","馬達研究\Step6_Model 9__Retrain.ipynb","Step6_Model 9__Retrain.ipynb",".ipynb","170723","2026-06-26T22:57:57.4184171+08:00","2026-04-09T12:41:54.2384157+08:00","Jupyter notebook","preprocessing_code","False","False","False","False","metadata_only",""
"D:\schoolshit\fcu\專題\馬達研究\馬達研究\T1_T2_T3.ipynb","馬達研究\T1_T2_T3.ipynb","T1_T2_T3.ipynb",".ipynb","278707","2026-06-26T22:57:57.4863713+08:00","2026-04-09T12:41:54.2464178+08:00","Jupyter notebook","preprocessing_code","False","False","False","False","metadata_only",""
"D:\schoolshit\fcu\專題\馬達研究\馬達研究\階段1.zip","馬達研究\階段1.zip","階段1.zip",".zip","1606710569","2026-06-26T22:57:57.6603214+08:00","2026-04-09T12:42:06.0437020+08:00","ZIP archive","archive","True","False","False","False","metadata_only",""
"D:\schoolshit\fcu\專題\馬達研究\馬達研究\階段2.zip","馬達研究\階段2.zip","階段2.zip",".zip","1640710552","2026-06-26T22:58:26.5596614+08:00","2026-04-09T12:43:09.7114843+08:00","ZIP archive","archive","True","False","False","False","metadata_only",""
"D:\schoolshit\fcu\專題\馬達研究\馬達研究\階段3.zip","馬達研究\階段3.zip","階段3.zip",".zip","1671631565","2026-06-26T22:58:56.0026971+08:00","2026-04-09T12:43:19.9365862+08:00","ZIP archive","archive","True","False","False","False","metadata_only",""
