method,known_accuracy,fault_accuracy,fault_macro_f1,unknown_recall,healthy_total_alarm,worst_rpm_healthy_total_alarm,main_screen
C02,0.34153197431620147,0.26612557155218064,0.2404009640093674,0.1843672497331034,0.26870314362499487,0.9960474308300395,HISTORICAL_CONTROL
C17,0.39286280239858157,0.30431489352487695,0.28519080183679363,0.08435833362662631,0.14125969706191704,1.0,HISTORICAL_CONTROL
C24,0.32167758066654095,0.3090907734893492,0.2866434331384655,0.21071504827602386,0.6340699452034803,1.0,HISTORICAL_CONTROL
D01,0.39286280239858157,0.30431489352487695,0.28519080183679363,0.1843672497331034,0.14125969706191704,1.0,HISTORICAL_CONTROL
Q01,0.36750511876508507,0.2847538865059014,0.2630653431924647,0.1843672497331034,0.19721336828635852,1.0,FAILED
Q03,0.36755604084292104,0.28464419893544535,0.252465767048864,0.1843672497331034,0.19654064712927813,1.0,FAILED
Q05,0.36008209999451135,0.3280196114116825,0.28255100074785483,0.07566248256624826,0.4626991103110641,1.0,FAILED
Q06,0.3505211173132153,0.3099490572647204,0.2827715596934699,0.07916945417710802,0.43531851517287024,1.0,FAILED
Q07,0.398227298421898,0.3392211089496621,0.3041251869378619,0.08707185729458411,0.29141765058674124,1.0,FAILED
Q08,0.3505211173132153,0.3099490572647204,0.2827715596934699,0.1843672497331034,0.4346457940157899,1.0,FAILED
