method,label,role,rpm,campaign,prediction_count,rejection_rate,known_classification_accuracy,weighting
knn,1screws,known_fault,11000rpm,1,26110,0.0,0.1333205668326312,pooled repeated predictions across predeclared combinations; not independent motors
knn,1screws,known_fault,11000rpm,2,27090,0.007678110003691399,0.844702842377261,pooled repeated predictions across predeclared combinations; not independent motors
knn,1screws,known_fault,11000rpm,3,24640,0.0,0.0,pooled repeated predictions across predeclared combinations; not independent motors
knn,1screws,known_fault,6000rpm,1,21840,0.03653846153846154,0.025045787545787547,pooled repeated predictions across predeclared combinations; not independent motors
knn,1screws,known_fault,6000rpm,2,18200,0.0,0.02675824175824176,pooled repeated predictions across predeclared combinations; not independent motors
knn,1screws,known_fault,6000rpm,3,21000,0.0,0.04242857142857143,pooled repeated predictions across predeclared combinations; not independent motors
knn,1screws,known_fault,8000rpm,1,24430,0.0,1.0,pooled repeated predictions across predeclared combinations; not independent motors
knn,1screws,known_fault,8000rpm,2,24920,0.0,0.08743980738362761,pooled repeated predictions across predeclared combinations; not independent motors
knn,1screws,known_fault,8000rpm,3,20790,0.3227994227994228,0.8815776815776816,pooled repeated predictions across predeclared combinations; not independent motors
knn,1screws,unknown_test,11000rpm,1,20888,0.017809268479509765,,pooled repeated predictions across predeclared combinations; not independent motors
knn,1screws,unknown_test,11000rpm,2,21672,0.041851236618678476,,pooled repeated predictions across predeclared combinations; not independent motors
knn,1screws,unknown_test,11000rpm,3,19712,0.0,,pooled repeated predictions across predeclared combinations; not independent motors
knn,1screws,unknown_test,6000rpm,1,17472,0.045558608058608056,,pooled repeated predictions across predeclared combinations; not independent motors
knn,1screws,unknown_test,6000rpm,2,14560,0.0,,pooled repeated predictions across predeclared combinations; not independent motors
knn,1screws,unknown_test,6000rpm,3,16800,0.0,,pooled repeated predictions across predeclared combinations; not independent motors
knn,1screws,unknown_test,8000rpm,1,19544,0.026555464592713875,,pooled repeated predictions across predeclared combinations; not independent motors
knn,1screws,unknown_test,8000rpm,2,19936,0.09570626003210272,,pooled repeated predictions across predeclared combinations; not independent motors
knn,1screws,unknown_test,8000rpm,3,16632,0.31667869167869167,,pooled repeated predictions across predeclared combinations; not independent motors
knn,2screws,known_fault,11000rpm,1,26740,0.11656694091249065,0.0,pooled repeated predictions across predeclared combinations; not independent motors
knn,2screws,known_fault,11000rpm,2,23310,0.5983697983697984,0.16456456456456456,pooled repeated predictions across predeclared combinations; not independent motors
knn,2screws,known_fault,11000rpm,3,23800,0.0,0.011932773109243698,pooled repeated predictions across predeclared combinations; not independent motors
knn,2screws,known_fault,6000rpm,1,21700,0.0,0.0,pooled repeated predictions across predeclared combinations; not independent motors
knn,2screws,known_fault,6000rpm,2,22330,0.0,0.1826242722794447,pooled repeated predictions across predeclared combinations; not independent motors
knn,2screws,known_fault,6000rpm,3,19810,0.0,0.00015143866733972742,pooled repeated predictions across predeclared combinations; not independent motors
knn,2screws,known_fault,8000rpm,1,20160,0.00014880952380952382,0.0,pooled repeated predictions across predeclared combinations; not independent motors
knn,2screws,known_fault,8000rpm,2,25760,0.9470885093167701,0.0002717391304347826,pooled repeated predictions across predeclared combinations; not independent motors
knn,2screws,known_fault,8000rpm,3,25340,0.0,0.22040252565114443,pooled repeated predictions across predeclared combinations; not independent motors
knn,2screws,unknown_test,11000rpm,1,21392,0.03024495138369484,,pooled repeated predictions across predeclared combinations; not independent motors
knn,2screws,unknown_test,11000rpm,2,18648,0.6846846846846847,,pooled repeated predictions across predeclared combinations; not independent motors
knn,2screws,unknown_test,11000rpm,3,19040,0.0,,pooled repeated predictions across predeclared combinations; not independent motors
knn,2screws,unknown_test,6000rpm,1,17360,0.0018433179723502304,,pooled repeated predictions across predeclared combinations; not independent motors
knn,2screws,unknown_test,6000rpm,2,17864,0.0,,pooled repeated predictions across predeclared combinations; not independent motors
knn,2screws,unknown_test,6000rpm,3,15848,0.0,,pooled repeated predictions across predeclared combinations; not independent motors
knn,2screws,unknown_test,8000rpm,1,16128,0.017485119047619048,,pooled repeated predictions across predeclared combinations; not independent motors
knn,2screws,unknown_test,8000rpm,2,20608,0.9632666925465838,,pooled repeated predictions across predeclared combinations; not independent motors
knn,2screws,unknown_test,8000rpm,3,20272,0.0,,pooled repeated predictions across predeclared combinations; not independent motors
knn,3_14screws,known_fault,11000rpm,1,21910,0.1089000456412597,0.06134185303514377,pooled repeated predictions across predeclared combinations; not independent motors
knn,3_14screws,known_fault,11000rpm,2,24080,0.0,0.6307724252491694,pooled repeated predictions across predeclared combinations; not independent motors
knn,3_14screws,known_fault,11000rpm,3,22190,0.0,9.013068949977468e-05,pooled repeated predictions across predeclared combinations; not independent motors
knn,3_14screws,known_fault,6000rpm,1,25410,0.003266430539157812,0.0,pooled repeated predictions across predeclared combinations; not independent motors
knn,3_14screws,known_fault,6000rpm,2,26460,0.031027966742252458,0.05665154950869237,pooled repeated predictions across predeclared combinations; not independent motors
knn,3_14screws,known_fault,6000rpm,3,20230,0.0,0.05536332179930796,pooled repeated predictions across predeclared combinations; not independent motors
knn,3_14screws,known_fault,8000rpm,1,24570,0.01339031339031339,0.0,pooled repeated predictions across predeclared combinations; not independent motors
knn,3_14screws,known_fault,8000rpm,2,23240,0.0,0.086144578313253,pooled repeated predictions across predeclared combinations; not independent motors
knn,3_14screws,known_fault,8000rpm,3,23380,0.0,0.3743798118049615,pooled repeated predictions across predeclared combinations; not independent motors
knn,3_14screws,unknown_test,11000rpm,1,17528,0.29267457781834777,,pooled repeated predictions across predeclared combinations; not independent motors
knn,3_14screws,unknown_test,11000rpm,2,19264,0.041268687707641194,,pooled repeated predictions across predeclared combinations; not independent motors
knn,3_14screws,unknown_test,11000rpm,3,17752,0.0,,pooled repeated predictions across predeclared combinations; not independent motors
knn,3_14screws,unknown_test,6000rpm,1,20328,0.0,,pooled repeated predictions across predeclared combinations; not independent motors
knn,3_14screws,unknown_test,6000rpm,2,21168,0.17276077097505668,,pooled repeated predictions across predeclared combinations; not independent motors
knn,3_14screws,unknown_test,6000rpm,3,16184,0.0,,pooled repeated predictions across predeclared combinations; not independent motors
knn,3_14screws,unknown_test,8000rpm,1,19656,0.0,,pooled repeated predictions across predeclared combinations; not independent motors
knn,3_14screws,unknown_test,8000rpm,2,18592,0.006454388984509466,,pooled repeated predictions across predeclared combinations; not independent motors
knn,3_14screws,unknown_test,8000rpm,3,18704,0.0,,pooled repeated predictions across predeclared combinations; not independent motors
knn,3screws,known_fault,11000rpm,1,21630,0.0,0.3179380490060102,pooled repeated predictions across predeclared combinations; not independent motors
knn,3screws,known_fault,11000rpm,2,26880,0.13746279761904762,0.3287202380952381,pooled repeated predictions across predeclared combinations; not independent motors
knn,3screws,known_fault,11000rpm,3,21350,0.01737704918032787,0.9568149882903981,pooled repeated predictions across predeclared combinations; not independent motors
knn,3screws,known_fault,6000rpm,1,24850,0.0,0.2742454728370221,pooled repeated predictions across predeclared combinations; not independent motors
knn,3screws,known_fault,6000rpm,2,23730,0.0,8.428150021070375e-05,pooled repeated predictions across predeclared combinations; not independent motors
knn,3screws,known_fault,6000rpm,3,23310,0.0,0.12805662805662807,pooled repeated predictions across predeclared combinations; not independent motors
knn,3screws,known_fault,8000rpm,1,16870,0.0,0.6093657379964433,pooled repeated predictions across predeclared combinations; not independent motors
knn,3screws,known_fault,8000rpm,2,21490,0.00018613308515588647,0.00018613308515588647,pooled repeated predictions across predeclared combinations; not independent motors
knn,3screws,known_fault,8000rpm,3,24920,0.0,0.6521669341894061,pooled repeated predictions across predeclared combinations; not independent motors
knn,3screws,unknown_test,11000rpm,1,17304,0.021035598705501618,,pooled repeated predictions across predeclared combinations; not independent motors
knn,3screws,unknown_test,11000rpm,2,21504,0.08654203869047619,,pooled repeated predictions across predeclared combinations; not independent motors
knn,3screws,unknown_test,11000rpm,3,17080,0.014929742388758781,,pooled repeated predictions across predeclared combinations; not independent motors
knn,3screws,unknown_test,6000rpm,1,19880,5.0301810865191146e-05,,pooled repeated predictions across predeclared combinations; not independent motors
knn,3screws,unknown_test,6000rpm,2,18984,0.0,,pooled repeated predictions across predeclared combinations; not independent motors
knn,3screws,unknown_test,6000rpm,3,18648,0.0,,pooled repeated predictions across predeclared combinations; not independent motors
knn,3screws,unknown_test,8000rpm,1,13496,0.017338470657972734,,pooled repeated predictions across predeclared combinations; not independent motors
knn,3screws,unknown_test,8000rpm,2,17192,0.0,,pooled repeated predictions across predeclared combinations; not independent motors
knn,3screws,unknown_test,8000rpm,3,19936,0.0,,pooled repeated predictions across predeclared combinations; not independent motors
knn,4_146screws,known_fault,11000rpm,1,24920,0.030457463884430176,0.05943017656500803,pooled repeated predictions across predeclared combinations; not independent motors
knn,4_146screws,known_fault,11000rpm,2,26180,1.0,0.9258976317799847,pooled repeated predictions across predeclared combinations; not independent motors
knn,4_146screws,known_fault,11000rpm,3,21700,0.0,0.0,pooled repeated predictions across predeclared combinations; not independent motors
knn,4_146screws,known_fault,6000rpm,1,21000,0.0729047619047619,0.0,pooled repeated predictions across predeclared combinations; not independent motors
knn,4_146screws,known_fault,6000rpm,2,23520,0.0,1.0,pooled repeated predictions across predeclared combinations; not independent motors
knn,4_146screws,known_fault,6000rpm,3,20440,0.0,0.0,pooled repeated predictions across predeclared combinations; not independent motors
knn,4_146screws,known_fault,8000rpm,1,26040,0.013978494623655914,0.0,pooled repeated predictions across predeclared combinations; not independent motors
knn,4_146screws,known_fault,8000rpm,2,21000,0.0,0.9997142857142857,pooled repeated predictions across predeclared combinations; not independent motors
knn,4_146screws,known_fault,8000rpm,3,22470,0.0,0.3306186025812194,pooled repeated predictions across predeclared combinations; not independent motors
knn,4_146screws,unknown_test,11000rpm,1,19936,0.0,,pooled repeated predictions across predeclared combinations; not independent motors
knn,4_146screws,unknown_test,11000rpm,2,20944,1.0,,pooled repeated predictions across predeclared combinations; not independent motors
knn,4_146screws,unknown_test,11000rpm,3,17360,0.05650921658986175,,pooled repeated predictions across predeclared combinations; not independent motors
knn,4_146screws,unknown_test,6000rpm,1,16800,0.03101190476190476,,pooled repeated predictions across predeclared combinations; not independent motors
knn,4_146screws,unknown_test,6000rpm,2,18816,0.0,,pooled repeated predictions across predeclared combinations; not independent motors
knn,4_146screws,unknown_test,6000rpm,3,16352,0.0,,pooled repeated predictions across predeclared combinations; not independent motors
knn,4_146screws,unknown_test,8000rpm,1,20832,0.0,,pooled repeated predictions across predeclared combinations; not independent motors
knn,4_146screws,unknown_test,8000rpm,2,16800,0.0,,pooled repeated predictions across predeclared combinations; not independent motors
knn,4_146screws,unknown_test,8000rpm,3,17976,0.0,,pooled repeated predictions across predeclared combinations; not independent motors
knn,4screws,known_fault,11000rpm,1,22960,0.0,0.26306620209059234,pooled repeated predictions across predeclared combinations; not independent motors
knn,4screws,known_fault,11000rpm,2,17850,0.00011204481792717087,0.5472268907563025,pooled repeated predictions across predeclared combinations; not independent motors
knn,4screws,known_fault,11000rpm,3,19810,0.38021201413427563,0.39237758707723375,pooled repeated predictions across predeclared combinations; not independent motors
knn,4screws,known_fault,6000rpm,1,26810,0.0,0.0,pooled repeated predictions across predeclared combinations; not independent motors
knn,4screws,known_fault,6000rpm,2,24500,0.0,0.06416326530612244,pooled repeated predictions across predeclared combinations; not independent motors
knn,4screws,known_fault,6000rpm,3,20510,0.0,0.00024378352023403217,pooled repeated predictions across predeclared combinations; not independent motors
knn,4screws,known_fault,8000rpm,1,20090,0.0,0.041612742658038826,pooled repeated predictions across predeclared combinations; not independent motors
knn,4screws,known_fault,8000rpm,2,24500,0.0,0.044081632653061226,pooled repeated predictions across predeclared combinations; not independent motors
knn,4screws,known_fault,8000rpm,3,19180,0.0,0.09212721584984358,pooled repeated predictions across predeclared combinations; not independent motors
knn,4screws,unknown_test,11000rpm,1,18368,0.018020470383275262,,pooled repeated predictions across predeclared combinations; not independent motors
knn,4screws,unknown_test,11000rpm,2,14280,0.0,,pooled repeated predictions across predeclared combinations; not independent motors
knn,4screws,unknown_test,11000rpm,3,15848,0.3112695608278647,,pooled repeated predictions across predeclared combinations; not independent motors
knn,4screws,unknown_test,6000rpm,1,21448,0.009185005594927267,,pooled repeated predictions across predeclared combinations; not independent motors
knn,4screws,unknown_test,6000rpm,2,19600,0.0,,pooled repeated predictions across predeclared combinations; not independent motors
knn,4screws,unknown_test,6000rpm,3,16408,0.0,,pooled repeated predictions across predeclared combinations; not independent motors
knn,4screws,unknown_test,8000rpm,1,16072,0.01767048282727725,,pooled repeated predictions across predeclared combinations; not independent motors
knn,4screws,unknown_test,8000rpm,2,19600,0.0,,pooled repeated predictions across predeclared combinations; not independent motors
knn,4screws,unknown_test,8000rpm,3,15344,0.0,,pooled repeated predictions across predeclared combinations; not independent motors
knn,5screws,known_fault,11000rpm,1,21070,0.014807783578547697,0.6971048884670147,pooled repeated predictions across predeclared combinations; not independent motors
knn,5screws,known_fault,11000rpm,2,24850,0.002776659959758551,0.05730382293762575,pooled repeated predictions across predeclared combinations; not independent motors
knn,5screws,known_fault,11000rpm,3,21280,0.0,0.0637218045112782,pooled repeated predictions across predeclared combinations; not independent motors
knn,5screws,known_fault,6000rpm,1,25270,0.023149980213692124,0.04950534230312623,pooled repeated predictions across predeclared combinations; not independent motors
knn,5screws,known_fault,6000rpm,2,24010,0.0,0.023323615160349854,pooled repeated predictions across predeclared combinations; not independent motors
knn,5screws,known_fault,6000rpm,3,21280,0.0,0.2849154135338346,pooled repeated predictions across predeclared combinations; not independent motors
knn,5screws,known_fault,8000rpm,1,14840,0.014285714285714285,0.2654312668463612,pooled repeated predictions across predeclared combinations; not independent motors
knn,5screws,known_fault,8000rpm,2,27020,0.5165433012583271,0.2307920059215396,pooled repeated predictions across predeclared combinations; not independent motors
knn,5screws,known_fault,8000rpm,3,22680,0.0,0.2935626102292769,pooled repeated predictions across predeclared combinations; not independent motors
knn,5screws,unknown_test,11000rpm,1,16856,0.0,,pooled repeated predictions across predeclared combinations; not independent motors
knn,5screws,unknown_test,11000rpm,2,19880,0.008048289738430584,,pooled repeated predictions across predeclared combinations; not independent motors
knn,5screws,unknown_test,11000rpm,3,17024,0.0,,pooled repeated predictions across predeclared combinations; not independent motors
knn,5screws,unknown_test,6000rpm,1,20216,0.0015829046299960427,,pooled repeated predictions across predeclared combinations; not independent motors
knn,5screws,unknown_test,6000rpm,2,19208,0.0,,pooled repeated predictions across predeclared combinations; not independent motors
knn,5screws,unknown_test,6000rpm,3,17024,0.0,,pooled repeated predictions across predeclared combinations; not independent motors
knn,5screws,unknown_test,8000rpm,1,11872,0.0,,pooled repeated predictions across predeclared combinations; not independent motors
knn,5screws,unknown_test,8000rpm,2,21616,0.5339563286454478,,pooled repeated predictions across predeclared combinations; not independent motors
knn,5screws,unknown_test,8000rpm,3,18144,0.0,,pooled repeated predictions across predeclared combinations; not independent motors
knn,6screws,known_fault,11000rpm,1,21490,0.01675197766402978,0.4793392275476966,pooled repeated predictions across predeclared combinations; not independent motors
knn,6screws,known_fault,11000rpm,2,25130,0.20951054516514125,0.014046955829685634,pooled repeated predictions across predeclared combinations; not independent motors
knn,6screws,known_fault,11000rpm,3,21630,0.0,0.039297272306981046,pooled repeated predictions across predeclared combinations; not independent motors
knn,6screws,known_fault,6000rpm,1,22610,0.004599734630694383,0.7686421937195931,pooled repeated predictions across predeclared combinations; not independent motors
knn,6screws,known_fault,6000rpm,2,25200,0.0,0.7350793650793651,pooled repeated predictions across predeclared combinations; not independent motors
knn,6screws,known_fault,6000rpm,3,19670,0.0,0.7555668530757499,pooled repeated predictions across predeclared combinations; not independent motors
knn,6screws,known_fault,8000rpm,1,21980,0.005186533212010919,0.4711101000909918,pooled repeated predictions across predeclared combinations; not independent motors
knn,6screws,known_fault,8000rpm,2,19110,0.7843014128728415,0.005389848246991104,pooled repeated predictions across predeclared combinations; not independent motors
knn,6screws,known_fault,8000rpm,3,24500,0.0,0.034081632653061224,pooled repeated predictions across predeclared combinations; not independent motors
knn,6screws,unknown_test,11000rpm,1,17192,0.001977664029781294,,pooled repeated predictions across predeclared combinations; not independent motors
knn,6screws,unknown_test,11000rpm,2,20104,0.4606048547552726,,pooled repeated predictions across predeclared combinations; not independent motors
knn,6screws,unknown_test,11000rpm,3,17304,0.0,,pooled repeated predictions across predeclared combinations; not independent motors
knn,6screws,unknown_test,6000rpm,1,18088,0.004865103936311367,,pooled repeated predictions across predeclared combinations; not independent motors
knn,6screws,unknown_test,6000rpm,2,20160,0.0,,pooled repeated predictions across predeclared combinations; not independent motors
knn,6screws,unknown_test,6000rpm,3,15736,0.0,,pooled repeated predictions across predeclared combinations; not independent motors
knn,6screws,unknown_test,8000rpm,1,17584,0.0,,pooled repeated predictions across predeclared combinations; not independent motors
knn,6screws,unknown_test,8000rpm,2,15288,0.7477760334903192,,pooled repeated predictions across predeclared combinations; not independent motors
knn,6screws,unknown_test,8000rpm,3,19600,0.0,,pooled repeated predictions across predeclared combinations; not independent motors
knn,7screws,known_fault,11000rpm,1,22750,0.014197802197802197,4.3956043956043955e-05,pooled repeated predictions across predeclared combinations; not independent motors
knn,7screws,known_fault,11000rpm,2,26180,0.02987012987012987,0.2955691367456073,pooled repeated predictions across predeclared combinations; not independent motors
knn,7screws,known_fault,11000rpm,3,21560,0.0,0.060575139146567716,pooled repeated predictions across predeclared combinations; not independent motors
knn,7screws,known_fault,6000rpm,1,23170,0.00021579628830384117,0.0,pooled repeated predictions across predeclared combinations; not independent motors
knn,7screws,known_fault,6000rpm,2,12600,0.0023015873015873015,0.6911904761904762,pooled repeated predictions across predeclared combinations; not independent motors
knn,7screws,known_fault,6000rpm,3,17640,0.0,5.668934240362812e-05,pooled repeated predictions across predeclared combinations; not independent motors
knn,7screws,known_fault,8000rpm,1,22540,0.0064773735581189,0.00013309671694764863,pooled repeated predictions across predeclared combinations; not independent motors
knn,7screws,known_fault,8000rpm,2,14700,0.0032653061224489797,0.3302721088435374,pooled repeated predictions across predeclared combinations; not independent motors
knn,7screws,known_fault,8000rpm,3,23450,0.015053304904051172,0.009381663113006396,pooled repeated predictions across predeclared combinations; not independent motors
knn,7screws,unknown_test,11000rpm,1,18200,0.0,,pooled repeated predictions across predeclared combinations; not independent motors
knn,7screws,unknown_test,11000rpm,2,20944,0.09315317035905271,,pooled repeated predictions across predeclared combinations; not independent motors
knn,7screws,unknown_test,11000rpm,3,17248,0.0,,pooled repeated predictions across predeclared combinations; not independent motors
knn,7screws,unknown_test,6000rpm,1,18536,5.3949072075960293e-05,,pooled repeated predictions across predeclared combinations; not independent motors
knn,7screws,unknown_test,6000rpm,2,10080,0.0,,pooled repeated predictions across predeclared combinations; not independent motors
knn,7screws,unknown_test,6000rpm,3,14112,0.0,,pooled repeated predictions across predeclared combinations; not independent motors
knn,7screws,unknown_test,8000rpm,1,18032,5.5456965394853596e-05,,pooled repeated predictions across predeclared combinations; not independent motors
knn,7screws,unknown_test,8000rpm,2,11760,0.0,,pooled repeated predictions across predeclared combinations; not independent motors
knn,7screws,unknown_test,8000rpm,3,18760,0.0009594882729211088,,pooled repeated predictions across predeclared combinations; not independent motors
knn,8screws,healthy,11000rpm,1,45108,0.035004877183648135,0.8902190298838344,pooled repeated predictions across predeclared combinations; not independent motors
knn,8screws,healthy,11000rpm,2,31878,0.046458372545329064,0.0024781981303720435,pooled repeated predictions across predeclared combinations; not independent motors
knn,8screws,healthy,11000rpm,3,37800,0.0,0.0853968253968254,pooled repeated predictions across predeclared combinations; not independent motors
knn,8screws,healthy,6000rpm,1,40320,0.035590277777777776,0.8145089285714285,pooled repeated predictions across predeclared combinations; not independent motors
knn,8screws,healthy,6000rpm,2,40824,0.0,0.21183617479913777,pooled repeated predictions across predeclared combinations; not independent motors
knn,8screws,healthy,6000rpm,3,39564,0.0,0.03573956121726822,pooled repeated predictions across predeclared combinations; not independent motors
knn,8screws,healthy,8000rpm,1,39438,0.004640194736041382,0.833054414524063,pooled repeated predictions across predeclared combinations; not independent motors
knn,8screws,healthy,8000rpm,2,46368,0.0,0.23285455486542442,pooled repeated predictions across predeclared combinations; not independent motors
knn,8screws,healthy,8000rpm,3,34272,0.0,0.007965686274509803,pooled repeated predictions across predeclared combinations; not independent motors
mahalanobis,1screws,known_fault,11000rpm,1,26110,0.0,0.1333205668326312,pooled repeated predictions across predeclared combinations; not independent motors
mahalanobis,1screws,known_fault,11000rpm,2,27090,0.6410852713178294,0.844702842377261,pooled repeated predictions across predeclared combinations; not independent motors
mahalanobis,1screws,known_fault,11000rpm,3,24640,0.0,0.0,pooled repeated predictions across predeclared combinations; not independent motors
mahalanobis,1screws,known_fault,6000rpm,1,21840,0.0,0.025045787545787547,pooled repeated predictions across predeclared combinations; not independent motors
mahalanobis,1screws,known_fault,6000rpm,2,18200,0.0,0.02675824175824176,pooled repeated predictions across predeclared combinations; not independent motors
mahalanobis,1screws,known_fault,6000rpm,3,21000,0.0,0.04242857142857143,pooled repeated predictions across predeclared combinations; not independent motors
mahalanobis,1screws,known_fault,8000rpm,1,24430,0.0,1.0,pooled repeated predictions across predeclared combinations; not independent motors
mahalanobis,1screws,known_fault,8000rpm,2,24920,0.0,0.08743980738362761,pooled repeated predictions across predeclared combinations; not independent motors
mahalanobis,1screws,known_fault,8000rpm,3,20790,0.018518518518518517,0.8815776815776816,pooled repeated predictions across predeclared combinations; not independent motors
mahalanobis,1screws,unknown_test,11000rpm,1,20888,0.004165070854078897,,pooled repeated predictions across predeclared combinations; not independent motors
mahalanobis,1screws,unknown_test,11000rpm,2,21672,0.6976282761166482,,pooled repeated predictions across predeclared combinations; not independent motors
mahalanobis,1screws,unknown_test,11000rpm,3,19712,0.0,,pooled repeated predictions across predeclared combinations; not independent motors
mahalanobis,1screws,unknown_test,6000rpm,1,17472,0.007898351648351648,,pooled repeated predictions across predeclared combinations; not independent motors
mahalanobis,1screws,unknown_test,6000rpm,2,14560,0.0,,pooled repeated predictions across predeclared combinations; not independent motors
mahalanobis,1screws,unknown_test,6000rpm,3,16800,0.0,,pooled repeated predictions across predeclared combinations; not independent motors
mahalanobis,1screws,unknown_test,8000rpm,1,19544,0.0003069995906672124,,pooled repeated predictions across predeclared combinations; not independent motors
mahalanobis,1screws,unknown_test,8000rpm,2,19936,0.49834470304975925,,pooled repeated predictions across predeclared combinations; not independent motors
mahalanobis,1screws,unknown_test,8000rpm,3,16632,0.013888888888888888,,pooled repeated predictions across predeclared combinations; not independent motors
mahalanobis,2screws,known_fault,11000rpm,1,26740,0.22834704562453254,0.0,pooled repeated predictions across predeclared combinations; not independent motors
mahalanobis,2screws,known_fault,11000rpm,2,23310,1.0,0.16456456456456456,pooled repeated predictions across predeclared combinations; not independent motors
mahalanobis,2screws,known_fault,11000rpm,3,23800,0.0,0.011932773109243698,pooled repeated predictions across predeclared combinations; not independent motors
mahalanobis,2screws,known_fault,6000rpm,1,21700,0.0,0.0,pooled repeated predictions across predeclared combinations; not independent motors
mahalanobis,2screws,known_fault,6000rpm,2,22330,0.0,0.1826242722794447,pooled repeated predictions across predeclared combinations; not independent motors
mahalanobis,2screws,known_fault,6000rpm,3,19810,0.0,0.00015143866733972742,pooled repeated predictions across predeclared combinations; not independent motors
mahalanobis,2screws,known_fault,8000rpm,1,20160,0.0,0.0,pooled repeated predictions across predeclared combinations; not independent motors
mahalanobis,2screws,known_fault,8000rpm,2,25760,1.0,0.0002717391304347826,pooled repeated predictions across predeclared combinations; not independent motors
mahalanobis,2screws,known_fault,8000rpm,3,25340,0.0,0.22040252565114443,pooled repeated predictions across predeclared combinations; not independent motors
mahalanobis,2screws,unknown_test,11000rpm,1,21392,0.19100598354525056,,pooled repeated predictions across predeclared combinations; not independent motors
mahalanobis,2screws,unknown_test,11000rpm,2,18648,1.0,,pooled repeated predictions across predeclared combinations; not independent motors
mahalanobis,2screws,unknown_test,11000rpm,3,19040,0.0,,pooled repeated predictions across predeclared combinations; not independent motors
mahalanobis,2screws,unknown_test,6000rpm,1,17360,0.0,,pooled repeated predictions across predeclared combinations; not independent motors
mahalanobis,2screws,unknown_test,6000rpm,2,17864,0.0,,pooled repeated predictions across predeclared combinations; not independent motors
mahalanobis,2screws,unknown_test,6000rpm,3,15848,0.0,,pooled repeated predictions across predeclared combinations; not independent motors
mahalanobis,2screws,unknown_test,8000rpm,1,16128,0.0,,pooled repeated predictions across predeclared combinations; not independent motors
mahalanobis,2screws,unknown_test,8000rpm,2,20608,1.0,,pooled repeated predictions across predeclared combinations; not independent motors
mahalanobis,2screws,unknown_test,8000rpm,3,20272,0.0,,pooled repeated predictions across predeclared combinations; not independent motors
mahalanobis,3_14screws,known_fault,11000rpm,1,21910,0.45157462345960747,0.06134185303514377,pooled repeated predictions across predeclared combinations; not independent motors
mahalanobis,3_14screws,known_fault,11000rpm,2,24080,0.03625415282392026,0.6307724252491694,pooled repeated predictions across predeclared combinations; not independent motors
mahalanobis,3_14screws,known_fault,11000rpm,3,22190,0.0,9.013068949977468e-05,pooled repeated predictions across predeclared combinations; not independent motors
mahalanobis,3_14screws,known_fault,6000rpm,1,25410,0.0,0.0,pooled repeated predictions across predeclared combinations; not independent motors
mahalanobis,3_14screws,known_fault,6000rpm,2,26460,0.0,0.05665154950869237,pooled repeated predictions across predeclared combinations; not independent motors
mahalanobis,3_14screws,known_fault,6000rpm,3,20230,0.0,0.05536332179930796,pooled repeated predictions across predeclared combinations; not independent motors
mahalanobis,3_14screws,known_fault,8000rpm,1,24570,0.0,0.0,pooled repeated predictions across predeclared combinations; not independent motors
mahalanobis,3_14screws,known_fault,8000rpm,2,23240,0.0,0.086144578313253,pooled repeated predictions across predeclared combinations; not independent motors
mahalanobis,3_14screws,known_fault,8000rpm,3,23380,0.0008126603934987169,0.3743798118049615,pooled repeated predictions across predeclared combinations; not independent motors
mahalanobis,3_14screws,unknown_test,11000rpm,1,17528,0.3687813783660429,,pooled repeated predictions across predeclared combinations; not independent motors
mahalanobis,3_14screws,unknown_test,11000rpm,2,19264,0.36783637873754155,,pooled repeated predictions across predeclared combinations; not independent motors
mahalanobis,3_14screws,unknown_test,11000rpm,3,17752,0.0,,pooled repeated predictions across predeclared combinations; not independent motors
mahalanobis,3_14screws,unknown_test,6000rpm,1,20328,0.0,,pooled repeated predictions across predeclared combinations; not independent motors
mahalanobis,3_14screws,unknown_test,6000rpm,2,21168,0.11011904761904762,,pooled repeated predictions across predeclared combinations; not independent motors
mahalanobis,3_14screws,unknown_test,6000rpm,3,16184,0.0,,pooled repeated predictions across predeclared combinations; not independent motors
mahalanobis,3_14screws,unknown_test,8000rpm,1,19656,0.0,,pooled repeated predictions across predeclared combinations; not independent motors
mahalanobis,3_14screws,unknown_test,8000rpm,2,18592,0.1060671256454389,,pooled repeated predictions across predeclared combinations; not independent motors
mahalanobis,3_14screws,unknown_test,8000rpm,3,18704,0.000106928999144568,,pooled repeated predictions across predeclared combinations; not independent motors
mahalanobis,3screws,known_fault,11000rpm,1,21630,0.0,0.3179380490060102,pooled repeated predictions across predeclared combinations; not independent motors
mahalanobis,3screws,known_fault,11000rpm,2,26880,1.0,0.3287202380952381,pooled repeated predictions across predeclared combinations; not independent motors
mahalanobis,3screws,known_fault,11000rpm,3,21350,0.11227166276346605,0.9568149882903981,pooled repeated predictions across predeclared combinations; not independent motors
mahalanobis,3screws,known_fault,6000rpm,1,24850,0.0,0.2742454728370221,pooled repeated predictions across predeclared combinations; not independent motors
mahalanobis,3screws,known_fault,6000rpm,2,23730,0.0,8.428150021070375e-05,pooled repeated predictions across predeclared combinations; not independent motors
mahalanobis,3screws,known_fault,6000rpm,3,23310,0.0,0.12805662805662807,pooled repeated predictions across predeclared combinations; not independent motors
mahalanobis,3screws,known_fault,8000rpm,1,16870,0.0,0.6093657379964433,pooled repeated predictions across predeclared combinations; not independent motors
mahalanobis,3screws,known_fault,8000rpm,2,21490,0.0,0.00018613308515588647,pooled repeated predictions across predeclared combinations; not independent motors
mahalanobis,3screws,known_fault,8000rpm,3,24920,0.0,0.6521669341894061,pooled repeated predictions across predeclared combinations; not independent motors
mahalanobis,3screws,unknown_test,11000rpm,1,17304,0.03796809986130374,,pooled repeated predictions across predeclared combinations; not independent motors
mahalanobis,3screws,unknown_test,11000rpm,2,21504,1.0,,pooled repeated predictions across predeclared combinations; not independent motors
mahalanobis,3screws,unknown_test,11000rpm,3,17080,0.052107728337236536,,pooled repeated predictions across predeclared combinations; not independent motors
mahalanobis,3screws,unknown_test,6000rpm,1,19880,0.0,,pooled repeated predictions across predeclared combinations; not independent motors
mahalanobis,3screws,unknown_test,6000rpm,2,18984,0.0,,pooled repeated predictions across predeclared combinations; not independent motors
mahalanobis,3screws,unknown_test,6000rpm,3,18648,0.0,,pooled repeated predictions across predeclared combinations; not independent motors
mahalanobis,3screws,unknown_test,8000rpm,1,13496,0.0,,pooled repeated predictions across predeclared combinations; not independent motors
mahalanobis,3screws,unknown_test,8000rpm,2,17192,0.0,,pooled repeated predictions across predeclared combinations; not independent motors
mahalanobis,3screws,unknown_test,8000rpm,3,19936,0.0,,pooled repeated predictions across predeclared combinations; not independent motors
mahalanobis,4_146screws,known_fault,11000rpm,1,24920,0.0478330658105939,0.05943017656500803,pooled repeated predictions across predeclared combinations; not independent motors
mahalanobis,4_146screws,known_fault,11000rpm,2,26180,1.0,0.9258976317799847,pooled repeated predictions across predeclared combinations; not independent motors
mahalanobis,4_146screws,known_fault,11000rpm,3,21700,0.0,0.0,pooled repeated predictions across predeclared combinations; not independent motors
mahalanobis,4_146screws,known_fault,6000rpm,1,21000,0.017333333333333333,0.0,pooled repeated predictions across predeclared combinations; not independent motors
mahalanobis,4_146screws,known_fault,6000rpm,2,23520,0.0,1.0,pooled repeated predictions across predeclared combinations; not independent motors
mahalanobis,4_146screws,known_fault,6000rpm,3,20440,0.0,0.0,pooled repeated predictions across predeclared combinations; not independent motors
mahalanobis,4_146screws,known_fault,8000rpm,1,26040,0.0,0.0,pooled repeated predictions across predeclared combinations; not independent motors
mahalanobis,4_146screws,known_fault,8000rpm,2,21000,0.0,0.9997142857142857,pooled repeated predictions across predeclared combinations; not independent motors
mahalanobis,4_146screws,known_fault,8000rpm,3,22470,0.0,0.3306186025812194,pooled repeated predictions across predeclared combinations; not independent motors
mahalanobis,4_146screws,unknown_test,11000rpm,1,19936,0.004965890850722312,,pooled repeated predictions across predeclared combinations; not independent motors
mahalanobis,4_146screws,unknown_test,11000rpm,2,20944,1.0,,pooled repeated predictions across predeclared combinations; not independent motors
mahalanobis,4_146screws,unknown_test,11000rpm,3,17360,0.3390552995391705,,pooled repeated predictions across predeclared combinations; not independent motors
mahalanobis,4_146screws,unknown_test,6000rpm,1,16800,0.003928571428571429,,pooled repeated predictions across predeclared combinations; not independent motors
mahalanobis,4_146screws,unknown_test,6000rpm,2,18816,0.0,,pooled repeated predictions across predeclared combinations; not independent motors
mahalanobis,4_146screws,unknown_test,6000rpm,3,16352,0.0,,pooled repeated predictions across predeclared combinations; not independent motors
mahalanobis,4_146screws,unknown_test,8000rpm,1,20832,0.0,,pooled repeated predictions across predeclared combinations; not independent motors
mahalanobis,4_146screws,unknown_test,8000rpm,2,16800,0.08571428571428572,,pooled repeated predictions across predeclared combinations; not independent motors
mahalanobis,4_146screws,unknown_test,8000rpm,3,17976,0.0,,pooled repeated predictions across predeclared combinations; not independent motors
mahalanobis,4screws,known_fault,11000rpm,1,22960,0.0,0.26306620209059234,pooled repeated predictions across predeclared combinations; not independent motors
mahalanobis,4screws,known_fault,11000rpm,2,17850,0.1569187675070028,0.5472268907563025,pooled repeated predictions across predeclared combinations; not independent motors
mahalanobis,4screws,known_fault,11000rpm,3,19810,0.4502776375567895,0.39237758707723375,pooled repeated predictions across predeclared combinations; not independent motors
mahalanobis,4screws,known_fault,6000rpm,1,26810,0.0,0.0,pooled repeated predictions across predeclared combinations; not independent motors
mahalanobis,4screws,known_fault,6000rpm,2,24500,0.0,0.06416326530612244,pooled repeated predictions across predeclared combinations; not independent motors
mahalanobis,4screws,known_fault,6000rpm,3,20510,0.0,0.00024378352023403217,pooled repeated predictions across predeclared combinations; not independent motors
mahalanobis,4screws,known_fault,8000rpm,1,20090,0.0,0.041612742658038826,pooled repeated predictions across predeclared combinations; not independent motors
mahalanobis,4screws,known_fault,8000rpm,2,24500,0.004122448979591836,0.044081632653061226,pooled repeated predictions across predeclared combinations; not independent motors
mahalanobis,4screws,known_fault,8000rpm,3,19180,0.00031282586027111576,0.09212721584984358,pooled repeated predictions across predeclared combinations; not independent motors
mahalanobis,4screws,unknown_test,11000rpm,1,18368,0.017857142857142856,,pooled repeated predictions across predeclared combinations; not independent motors
mahalanobis,4screws,unknown_test,11000rpm,2,14280,0.10021008403361345,,pooled repeated predictions across predeclared combinations; not independent motors
mahalanobis,4screws,unknown_test,11000rpm,3,15848,0.2819283190307925,,pooled repeated predictions across predeclared combinations; not independent motors
mahalanobis,4screws,unknown_test,6000rpm,1,21448,0.0,,pooled repeated predictions across predeclared combinations; not independent motors
mahalanobis,4screws,unknown_test,6000rpm,2,19600,0.0,,pooled repeated predictions across predeclared combinations; not independent motors
mahalanobis,4screws,unknown_test,6000rpm,3,16408,0.0,,pooled repeated predictions across predeclared combinations; not independent motors
mahalanobis,4screws,unknown_test,8000rpm,1,16072,0.0,,pooled repeated predictions across predeclared combinations; not independent motors
mahalanobis,4screws,unknown_test,8000rpm,2,19600,0.0,,pooled repeated predictions across predeclared combinations; not independent motors
mahalanobis,4screws,unknown_test,8000rpm,3,15344,0.0,,pooled repeated predictions across predeclared combinations; not independent motors
mahalanobis,5screws,known_fault,11000rpm,1,21070,0.014285714285714285,0.6971048884670147,pooled repeated predictions across predeclared combinations; not independent motors
mahalanobis,5screws,known_fault,11000rpm,2,24850,0.5350503018108652,0.05730382293762575,pooled repeated predictions across predeclared combinations; not independent motors
mahalanobis,5screws,known_fault,11000rpm,3,21280,0.0,0.0637218045112782,pooled repeated predictions across predeclared combinations; not independent motors
mahalanobis,5screws,known_fault,6000rpm,1,25270,0.0,0.04950534230312623,pooled repeated predictions across predeclared combinations; not independent motors
mahalanobis,5screws,known_fault,6000rpm,2,24010,8.329862557267805e-05,0.023323615160349854,pooled repeated predictions across predeclared combinations; not independent motors
mahalanobis,5screws,known_fault,6000rpm,3,21280,0.0,0.2849154135338346,pooled repeated predictions across predeclared combinations; not independent motors
mahalanobis,5screws,known_fault,8000rpm,1,14840,0.0,0.2654312668463612,pooled repeated predictions across predeclared combinations; not independent motors
mahalanobis,5screws,known_fault,8000rpm,2,27020,0.9851221317542561,0.2307920059215396,pooled repeated predictions across predeclared combinations; not independent motors
mahalanobis,5screws,known_fault,8000rpm,3,22680,0.0,0.2935626102292769,pooled repeated predictions across predeclared combinations; not independent motors
mahalanobis,5screws,unknown_test,11000rpm,1,16856,0.0,,pooled repeated predictions across predeclared combinations; not independent motors
mahalanobis,5screws,unknown_test,11000rpm,2,19880,0.8112676056338028,,pooled repeated predictions across predeclared combinations; not independent motors
mahalanobis,5screws,unknown_test,11000rpm,3,17024,0.0,,pooled repeated predictions across predeclared combinations; not independent motors
mahalanobis,5screws,unknown_test,6000rpm,1,20216,0.0,,pooled repeated predictions across predeclared combinations; not independent motors
mahalanobis,5screws,unknown_test,6000rpm,2,19208,0.0,,pooled repeated predictions across predeclared combinations; not independent motors
mahalanobis,5screws,unknown_test,6000rpm,3,17024,0.0,,pooled repeated predictions across predeclared combinations; not independent motors
mahalanobis,5screws,unknown_test,8000rpm,1,11872,0.0,,pooled repeated predictions across predeclared combinations; not independent motors
mahalanobis,5screws,unknown_test,8000rpm,2,21616,0.9888045891931903,,pooled repeated predictions across predeclared combinations; not independent motors
mahalanobis,5screws,unknown_test,8000rpm,3,18144,0.0,,pooled repeated predictions across predeclared combinations; not independent motors
mahalanobis,6screws,known_fault,11000rpm,1,21490,0.019543973941368076,0.4793392275476966,pooled repeated predictions across predeclared combinations; not independent motors
mahalanobis,6screws,known_fault,11000rpm,2,25130,0.9923995224830879,0.014046955829685634,pooled repeated predictions across predeclared combinations; not independent motors
mahalanobis,6screws,known_fault,11000rpm,3,21630,0.0,0.039297272306981046,pooled repeated predictions across predeclared combinations; not independent motors
mahalanobis,6screws,known_fault,6000rpm,1,22610,0.0,0.7686421937195931,pooled repeated predictions across predeclared combinations; not independent motors
mahalanobis,6screws,known_fault,6000rpm,2,25200,0.0,0.7350793650793651,pooled repeated predictions across predeclared combinations; not independent motors
mahalanobis,6screws,known_fault,6000rpm,3,19670,0.0,0.7555668530757499,pooled repeated predictions across predeclared combinations; not independent motors
mahalanobis,6screws,known_fault,8000rpm,1,21980,0.0,0.4711101000909918,pooled repeated predictions across predeclared combinations; not independent motors
mahalanobis,6screws,known_fault,8000rpm,2,19110,0.9282574568288854,0.005389848246991104,pooled repeated predictions across predeclared combinations; not independent motors
mahalanobis,6screws,known_fault,8000rpm,3,24500,0.0,0.034081632653061224,pooled repeated predictions across predeclared combinations; not independent motors
mahalanobis,6screws,unknown_test,11000rpm,1,17192,0.005700325732899023,,pooled repeated predictions across predeclared combinations; not independent motors
mahalanobis,6screws,unknown_test,11000rpm,2,20104,0.9773676880222841,,pooled repeated predictions across predeclared combinations; not independent motors
mahalanobis,6screws,unknown_test,11000rpm,3,17304,0.0,,pooled repeated predictions across predeclared combinations; not independent motors
mahalanobis,6screws,unknown_test,6000rpm,1,18088,0.0,,pooled repeated predictions across predeclared combinations; not independent motors
mahalanobis,6screws,unknown_test,6000rpm,2,20160,0.0,,pooled repeated predictions across predeclared combinations; not independent motors
mahalanobis,6screws,unknown_test,6000rpm,3,15736,0.0,,pooled repeated predictions across predeclared combinations; not independent motors
mahalanobis,6screws,unknown_test,8000rpm,1,17584,0.0,,pooled repeated predictions across predeclared combinations; not independent motors
mahalanobis,6screws,unknown_test,8000rpm,2,15288,0.9163396127681842,,pooled repeated predictions across predeclared combinations; not independent motors
mahalanobis,6screws,unknown_test,8000rpm,3,19600,0.001326530612244898,,pooled repeated predictions across predeclared combinations; not independent motors
mahalanobis,7screws,known_fault,11000rpm,1,22750,0.0,4.3956043956043955e-05,pooled repeated predictions across predeclared combinations; not independent motors
mahalanobis,7screws,known_fault,11000rpm,2,26180,0.4676088617265088,0.2955691367456073,pooled repeated predictions across predeclared combinations; not independent motors
mahalanobis,7screws,known_fault,11000rpm,3,21560,0.0,0.060575139146567716,pooled repeated predictions across predeclared combinations; not independent motors
mahalanobis,7screws,known_fault,6000rpm,1,23170,0.0,0.0,pooled repeated predictions across predeclared combinations; not independent motors
mahalanobis,7screws,known_fault,6000rpm,2,12600,0.12166666666666667,0.6911904761904762,pooled repeated predictions across predeclared combinations; not independent motors
mahalanobis,7screws,known_fault,6000rpm,3,17640,0.0,5.668934240362812e-05,pooled repeated predictions across predeclared combinations; not independent motors
mahalanobis,7screws,known_fault,8000rpm,1,22540,0.0026175687666370896,0.00013309671694764863,pooled repeated predictions across predeclared combinations; not independent motors
mahalanobis,7screws,known_fault,8000rpm,2,14700,0.1383673469387755,0.3302721088435374,pooled repeated predictions across predeclared combinations; not independent motors
mahalanobis,7screws,known_fault,8000rpm,3,23450,0.000511727078891258,0.009381663113006396,pooled repeated predictions across predeclared combinations; not independent motors
mahalanobis,7screws,unknown_test,11000rpm,1,18200,0.0,,pooled repeated predictions across predeclared combinations; not independent motors
mahalanobis,7screws,unknown_test,11000rpm,2,20944,0.310303666921314,,pooled repeated predictions across predeclared combinations; not independent motors
mahalanobis,7screws,unknown_test,11000rpm,3,17248,0.0,,pooled repeated predictions across predeclared combinations; not independent motors
mahalanobis,7screws,unknown_test,6000rpm,1,18536,0.0,,pooled repeated predictions across predeclared combinations; not independent motors
mahalanobis,7screws,unknown_test,6000rpm,2,10080,0.037797619047619045,,pooled repeated predictions across predeclared combinations; not independent motors
mahalanobis,7screws,unknown_test,6000rpm,3,14112,0.0,,pooled repeated predictions across predeclared combinations; not independent motors
mahalanobis,7screws,unknown_test,8000rpm,1,18032,0.0,,pooled repeated predictions across predeclared combinations; not independent motors
mahalanobis,7screws,unknown_test,8000rpm,2,11760,0.055272108843537414,,pooled repeated predictions across predeclared combinations; not independent motors
mahalanobis,7screws,unknown_test,8000rpm,3,18760,0.03470149253731343,,pooled repeated predictions across predeclared combinations; not independent motors
mahalanobis,8screws,healthy,11000rpm,1,45108,0.16165646891903876,0.8902190298838344,pooled repeated predictions across predeclared combinations; not independent motors
mahalanobis,8screws,healthy,11000rpm,2,31878,0.01772382207164816,0.0024781981303720435,pooled repeated predictions across predeclared combinations; not independent motors
mahalanobis,8screws,healthy,11000rpm,3,37800,0.0,0.0853968253968254,pooled repeated predictions across predeclared combinations; not independent motors
mahalanobis,8screws,healthy,6000rpm,1,40320,0.013467261904761905,0.8145089285714285,pooled repeated predictions across predeclared combinations; not independent motors
mahalanobis,8screws,healthy,6000rpm,2,40824,0.0,0.21183617479913777,pooled repeated predictions across predeclared combinations; not independent motors
mahalanobis,8screws,healthy,6000rpm,3,39564,0.0,0.03573956121726822,pooled repeated predictions across predeclared combinations; not independent motors
mahalanobis,8screws,healthy,8000rpm,1,39438,0.0004817688523758811,0.833054414524063,pooled repeated predictions across predeclared combinations; not independent motors
mahalanobis,8screws,healthy,8000rpm,2,46368,0.0,0.23285455486542442,pooled repeated predictions across predeclared combinations; not independent motors
mahalanobis,8screws,healthy,8000rpm,3,34272,0.0004376750700280112,0.007965686274509803,pooled repeated predictions across predeclared combinations; not independent motors
