protocol,N,method,runs,scope,known_accuracy_mean,known_accuracy_standard_deviation,known_accuracy_ci95_lower,known_accuracy_ci95_upper,known_accuracy_pooled,known_balanced_accuracy_mean,known_balanced_accuracy_standard_deviation,known_balanced_accuracy_ci95_lower,known_balanced_accuracy_ci95_upper,known_balanced_accuracy_pooled,known_macro_f1_mean,known_macro_f1_standard_deviation,known_macro_f1_ci95_lower,known_macro_f1_ci95_upper,known_macro_f1_pooled,unknown_auroc_mean,unknown_auroc_standard_deviation,unknown_auroc_ci95_lower,unknown_auroc_ci95_upper,unknown_auroc_pooled,unknown_aupr_mean,unknown_aupr_standard_deviation,unknown_aupr_ci95_lower,unknown_aupr_ci95_upper,unknown_aupr_pooled,unknown_recall_mean,unknown_recall_standard_deviation,unknown_recall_ci95_lower,unknown_recall_ci95_upper,unknown_recall_pooled,unknown_f1_mean,unknown_f1_standard_deviation,unknown_f1_ci95_lower,unknown_f1_ci95_upper,unknown_f1_pooled,fpr95_mean,fpr95_standard_deviation,fpr95_ci95_lower,fpr95_ci95_upper,fpr95_pooled,healthy_fpr_mean,healthy_fpr_standard_deviation,healthy_fpr_ci95_lower,healthy_fpr_ci95_upper,healthy_fpr_pooled,known_acceptance_mean,known_acceptance_standard_deviation,known_acceptance_ci95_lower,known_acceptance_ci95_upper,known_acceptance_pooled,open_set_classification_rate_mean,open_set_classification_rate_standard_deviation,open_set_classification_rate_ci95_lower,open_set_classification_rate_ci95_upper,open_set_classification_rate_pooled
A,1,knn,27,INCOMPLETE_exploratory,0.693545300201027,0.1527025417737455,0.6331381865451833,0.7539524138568707,0.6925377772598377,0.6899250802123336,0.15582981884691235,0.6282808569485044,0.7515693034761627,0.702788047816002,0.633482012557319,0.20954382673182473,0.5505892354611485,0.7163747896534894,0.6975910165204516,0.6085604967942086,0.12969769752361457,0.5572537964328054,0.6598671971556119,0.5942946884128093,0.8529055333476552,0.05704485295738955,0.830339341088828,0.8754717256064823,0.8537474297041893,0.26138310373678875,0.29430245570281355,0.14496092972232605,0.37780527775125144,0.26528959674946334,0.3288254613161008,0.2965413210209543,0.21151762167903543,0.44613330095316617,0.40618592247789037,0.8000953703609845,0.1751172706894867,0.7308212852621618,0.8693694554598073,0.9334964844812182,0.08111696468765285,0.13457500704964606,0.027880864936747317,0.13435306443855838,0.0835892589967714,0.8379847604620237,0.2064841754323387,0.7563023411087463,0.9196671798153012,0.8339742842714525,0.5695523573099448,0.21574397623294858,0.4842068827586622,0.6548978318612274,0.5655712232451541
A,1,mahalanobis,27,INCOMPLETE_exploratory,0.693545300201027,0.1527025417737455,0.6331381865451833,0.7539524138568707,0.6925377772598377,0.6899250802123336,0.15582981884691235,0.6282808569485044,0.7515693034761627,0.702788047816002,0.633482012557319,0.20954382673182473,0.5505892354611485,0.7163747896534894,0.6975910165204516,0.6019146801169428,0.13534901012166442,0.5483723949483076,0.6554569652855781,0.6018036211196672,0.8547860516573764,0.05775972815567141,0.8319370641886547,0.8776350391260982,0.8627786895110084,0.39899256917837295,0.30857708914656345,0.27692353824315424,0.5210616001135917,0.40359552284575284,0.47793277339060214,0.2953604272996291,0.361092079751311,0.5947734670298932,0.5497095868955165,0.7962424103112118,0.23408682191712066,0.7036407476759278,0.8888440729464958,0.9017985471778736,0.16327469870988492,0.18145267956240663,0.09149440933052218,0.23505498808924769,0.16934404283801874,0.742050987423083,0.23007899176001562,0.6510347695944235,0.8330672052517424,0.7373266519053724,0.49507678795226273,0.2180361068078197,0.4088245767445895,0.581328999159936,0.4909295730878297
A,2,knn,90,INCOMPLETE_exploratory,0.4757560950401723,0.11063251319839497,0.45258456375572953,0.49892762632461507,0.47648493327510444,0.47659674108505706,0.11310367852231208,0.45290763424387454,0.5002858479262395,0.4493415723898487,0.4257653591594862,0.13671545528754955,0.39713086141847087,0.45439985690050155,0.44582953598600505,0.5566309448387251,0.08173842723589705,0.5395111626961893,0.573750726981261,0.5490085312619377,0.7463833996655179,0.05566649859269058,0.7347242772579594,0.7580425220730764,0.7425501943462649,0.18077942529381505,0.20482084972964704,0.13788052884819474,0.22367832173943536,0.18348996222173655,0.24625285485702844,0.23055164176217913,0.1979647483562581,0.2945409613577988,0.29681384243452047,0.8865001178596537,0.10144016252869259,0.865253887148819,0.9077463485704883,0.9454142817943257,0.05790847620100968,0.11227596198638233,0.03439273123196102,0.08142422117005835,0.060122844318450275,0.877850573741678,0.15212382963176452,0.8459888544738488,0.9097122930095072,0.8755666688566912,0.4070863130955008,0.1203940732628636,0.3818702626378094,0.43230236355319224,0.4067803160591925
A,2,mahalanobis,90,INCOMPLETE_exploratory,0.4757560950401723,0.11063251319839497,0.45258456375572953,0.49892762632461507,0.47648493327510444,0.47659674108505706,0.11310367852231208,0.45290763424387454,0.5002858479262395,0.4493415723898487,0.4257653591594862,0.13671545528754955,0.39713086141847087,0.45439985690050155,0.44582953598600505,0.5552103192562274,0.09344404234231143,0.535638843494877,0.5747817950175779,0.5609479302937772,0.7488734273197777,0.06093718155007939,0.7361103817389428,0.7616364729006125,0.7494353581179501,0.26227492276242975,0.23537631641391166,0.21297630771947887,0.3115735378053806,0.26582652891869374,0.33670278904522316,0.251014979726718,0.2841287193847881,0.3892768587056582,0.39436520145002085,0.8721944650207151,0.13099987059481866,0.8447570733174067,0.8996318567240235,0.9498819319108479,0.10995644415672727,0.15904829851650912,0.07664442295909121,0.14326846535436333,0.11438695960311836,0.8093591005991821,0.18135184562930592,0.7713756918976625,0.8473425093007018,0.806445628775377,0.3636923454990909,0.13013348254607776,0.33643641525946516,0.39094827573871666,0.36353763686043233
A,3,knn,90,INCOMPLETE_exploratory,0.3671553734137077,0.0961244365216964,0.34702249996024415,0.3872882468671712,0.3681455113735023,0.3682692872103829,0.09747217962652358,0.3478541344285912,0.38868443999217456,0.34659002550496176,0.31404338288284517,0.10748917839754564,0.2915302103264984,0.33655655543919194,0.3401313546396426,0.536188402377328,0.07265431978459706,0.5209712497052226,0.5514055550494334,0.5319511993065549,0.6411796079627661,0.05906728704199251,0.6288082042043948,0.6535510117211374,0.6365073676402927,0.12208266002208161,0.16102270889547038,0.08835710657662987,0.15580821346753335,0.1238711284881938,0.1732980981870169,0.18292078126498748,0.13498608227849768,0.21161011409553615,0.20911917634915858,0.9286031013724271,0.07916239243431185,0.9120228592734922,0.9451833434713619,0.9502199455924061,0.043058413434016084,0.10489106388146566,0.02108940542793991,0.06502742144009226,0.04489723600283487,0.9095805688621114,0.12939449702945605,0.8824794161424218,0.936681721581801,0.9081582450656943,0.327994240661583,0.10536705122299299,0.3059255390369101,0.3500629422862559,0.3285292585518319
A,3,mahalanobis,90,INCOMPLETE_exploratory,0.3671553734137077,0.0961244365216964,0.34702249996024415,0.3872882468671712,0.3681455113735023,0.3682692872103829,0.09747217962652358,0.3478541344285912,0.38868443999217456,0.34659002550496176,0.31404338288284517,0.10748917839754564,0.2915302103264984,0.33655655543919194,0.3401313546396426,0.5382074740733184,0.08175326114268539,0.5210845850291559,0.5553303631174809,0.5438562260940424,0.6472087084836546,0.06292768174152934,0.634028760709021,0.6603886562582882,0.6472578944705527,0.20982017316348558,0.21405250312658064,0.16498774434740762,0.2546526019795635,0.2134352959214965,0.2673410310102576,0.2393107509932713,0.21721836459844068,0.3174636974220745,0.32414841981938713,0.9131829515789589,0.0937378907063484,0.8935499304692899,0.9328159726886279,0.9502951901371766,0.06495257840240538,0.139500657395209,0.035734731373686573,0.0941704254311242,0.06809591306402078,0.8460458477918418,0.16006418120658855,0.8125210540840822,0.8795706414996014,0.8437720669097645,0.29460414563061094,0.11089888868368407,0.27137682308090316,0.3178314681803187,0.29486890085084216
A,4,knn,90,INCOMPLETE_exploratory,0.29549186221986207,0.07634077857191286,0.27950259570301444,0.3114811287367097,0.296773060381187,0.29609289322999965,0.07779711925071416,0.27979860206330853,0.3123871843966908,0.2824272673720472,0.23648635915791855,0.07857292344428717,0.22002957894870026,0.25294313936713686,0.277525984802139,0.5208400238293123,0.06710831084687638,0.5067844602406414,0.5348955874179832,0.5244528775643598,0.537749390965452,0.06867786830263278,0.5233650899320883,0.5521336919988158,0.5290877940533555,0.09738329136696257,0.13172616253593866,0.06979378076163557,0.12497280197228956,0.09893488019990843,0.1400375593933425,0.15892200466635467,0.10675198993051101,0.173323128856174,0.16890083061796485,0.935654635539887,0.06815275295824702,0.9213803177861091,0.949928953293665,0.9503097982209424,0.02501885576893986,0.07545702443584663,0.009214687972347226,0.040823023565532496,0.026045357902197024,0.9282616277138321,0.10763942766682708,0.9057169860572817,0.9508062693703826,0.9271020866603036,0.26693240107052163,0.07708890031079867,0.25078644348903123,0.28307835865201203,0.26783621946794667
A,4,mahalanobis,90,INCOMPLETE_exploratory,0.29549186221986207,0.07634077857191286,0.27950259570301444,0.3114811287367097,0.296773060381187,0.29609289322999965,0.07779711925071416,0.27979860206330853,0.3123871843966908,0.2824272673720472,0.23648635915791855,0.07857292344428717,0.22002957894870026,0.25294313936713686,0.277525984802139,0.5312557219431359,0.07253534129432704,0.5160634888333703,0.5464479550529014,0.5332264632694768,0.5488506135221657,0.07216627915574561,0.533735678980812,0.5639655480635194,0.5434523608197992,0.1716587708940396,0.20049331461580208,0.1296662591302457,0.2136512826578335,0.17470817926410323,0.2115467416853534,0.2203032593424881,0.16540511732611185,0.25768836604459494,0.2679918961464341,0.9182180984378499,0.07443844928356985,0.9026272670766703,0.9338089297990294,0.9502335330863576,0.03642495541944483,0.10349049152504124,0.014749291614225918,0.05810061922466374,0.03821167021025278,0.8725524184804307,0.14409370378493205,0.8423725765097774,0.9027322604510841,0.8703099831061172,0.24485191082405572,0.0775143807375809,0.22861683809246092,0.2610869835556505,0.24536573754162805
A,5,knn,378,INCOMPLETE_exploratory,0.2574373202326044,0.07389231855375811,0.24996426903042612,0.2649103714347827,0.25886405846364263,0.2580491432987202,0.07551103206823155,0.250412384566286,0.2656859020311544,0.24969647096670364,0.20218898941162752,0.07095815050616691,0.19501268337166108,0.20936529545159396,0.24194224407900414,0.5244800139557779,0.07192659832786742,0.5172057645801597,0.5317542633313962,0.5240866376802551,0.4414188827140335,0.07355895622501488,0.4339795458924611,0.4488582195356059,0.429461122592349,0.07943385360694402,0.11347334094323196,0.06795780164987794,0.0909099055640101,0.0810963990011828,0.11331722025343982,0.14590907865344951,0.09856080122394882,0.12807363928293083,0.13816660670459535,0.9266108356147862,0.07225859600159047,0.9193030098720529,0.9339186613575194,0.9488291870862232,0.012680502846494121,0.04306015406751558,0.008325642389840286,0.017035363303147956,0.013156266522673326,0.9387130589026025,0.08371254143794536,0.9302468458959676,0.9471792719092373,0.9378617538726113,0.2357988682407434,0.07323021112073134,0.22839277883980771,0.24320495764167907,0.23699290288633068
A,5,mahalanobis,378,INCOMPLETE_exploratory,0.2574373202326044,0.07389231855375811,0.24996426903042612,0.2649103714347827,0.25886405846364263,0.2580491432987202,0.07551103206823155,0.250412384566286,0.2656859020311544,0.24969647096670364,0.20218898941162752,0.07095815050616691,0.19501268337166108,0.20936529545159396,0.24194224407900414,0.5277456973926746,0.07045156728292065,0.5206206243149373,0.534870770470412,0.5275693076492951,0.44915247531111235,0.07381606528895114,0.441687135932888,0.4566178146893367,0.437483289584502,0.14994924137059462,0.19092356818567183,0.1306403114482497,0.16925817129293955,0.15325259013448986,0.17234720728296923,0.20190183479858193,0.15192799756273495,0.19276641700320352,0.23022175287133234,0.9110433835267536,0.0777431695430788,0.9031808790339168,0.9189058880195905,0.9480261553664703,0.02259296712174878,0.08250436145789823,0.014248942605461076,0.030936991638036482,0.023719527971831304,0.8828754916683723,0.14108846370967448,0.8686066023714151,0.8971443809653296,0.8807442893994313,0.21884956033540345,0.0739192742905676,0.21137378298245182,0.22632533768835508,0.21964475930132574
A,6,knn,90,INCOMPLETE_exploratory,0.2232893395964102,0.06465904982501285,0.20974676379723398,0.23683191539558643,0.22472873585963524,0.2234319447935341,0.0661710599739368,0.20957268459973186,0.23729120498733633,0.21829582298321631,0.16882347641930595,0.05874988510754495,0.15651855120906816,0.18112840162954374,0.20973734846406752,0.5207373369005167,0.07907623804298093,0.5041751394894978,0.5372995343115357,0.5215284870443951,0.3438424765855764,0.08341880381330147,0.32637074638268015,0.3613142067884726,0.3260850277743585,0.06333852385052369,0.10462787391554651,0.04142463991559747,0.0852524077854499,0.06479990800367985,0.0866691812781004,0.13853849826874065,0.05765285457695106,0.11568550797924974,0.10898892703447609,0.9194313586023687,0.0739573468240706,0.9039412922005038,0.9349214250042336,0.94986478018535,0.006884488319626789,0.025239927198254946,0.0015980879136030437,0.012170888725650534,0.00713442003307347,0.9472845660310518,0.0688335687314699,0.9328676541742196,0.9617014778878841,0.9465222123280894,0.20539751830980404,0.06212084668371373,0.19238655886638584,0.21840847775322225,0.2066142277629366
A,6,mahalanobis,90,INCOMPLETE_exploratory,0.2232893395964102,0.06465904982501285,0.20974676379723398,0.23683191539558643,0.22472873585963524,0.2234319447935341,0.0661710599739368,0.20957268459973186,0.23729120498733633,0.21829582298321631,0.16882347641930595,0.05874988510754495,0.15651855120906816,0.18112840162954374,0.20973734846406752,0.5226980138846475,0.07243420196369227,0.5075269639975725,0.5378690637717226,0.5223231273705198,0.3493700044797466,0.07779771006246737,0.33307558956992944,0.36566441938956373,0.3317153238803948,0.13390153995325246,0.18618502322733993,0.09490584180192817,0.17289723810457674,0.13737350505979762,0.1379577207927168,0.18035580286542133,0.10018292920922835,0.17573251237620524,0.19673805040595957,0.9093732189652506,0.07527405236300494,0.8936073739273792,0.925139064003122,0.9501714983015072,0.01610318854404514,0.07342641096882417,0.000724324504164096,0.03148205258392618,0.016961965509095206,0.8906696556867255,0.13717301558550066,0.8619393237966705,0.9193999875767805,0.8885195079317965,0.19293315519548593,0.061761220767867664,0.1799975179418907,0.20586879244908116,0.1938112199465717
A,7,knn,90,INCOMPLETE_exploratory,0.20472175459411399,0.06164607666486068,0.19181023380599452,0.21763327538223345,0.20608696028293738,0.20443451038604318,0.06306719729806862,0.19122534164381558,0.2176436791282708,0.20217528079690822,0.15314689052494385,0.05386985569891153,0.14186406768626086,0.16442971336362683,0.19366072565329334,0.5210150513474288,0.09164803030242163,0.5018197430251649,0.5402103596696927,0.5222541087659749,0.2451537204043215,0.08615796257608521,0.22710828450560444,0.2631991563030386,0.2252481553502129,0.058930690987918775,0.11433493886044324,0.034983701661565406,0.08287768031427215,0.06062664417824187,0.07223056062006585,0.13868120735244988,0.043184344080006196,0.1012767771601255,0.09755464987032234,0.8977663517483861,0.09787817355851107,0.8772661651838088,0.9182665383129635,0.9474120542517744,0.0021796996009351656,0.009869395997022105,0.00011259462887827339,0.004246804572992058,0.002256083156154028,0.9550638706295326,0.06239267933529516,0.9419959769394978,0.9681317643195674,0.9543398680182993,0.18886573971739976,0.05724433736099003,0.1768761453778162,0.2008553340569833,0.19001385562753306
A,7,mahalanobis,90,INCOMPLETE_exploratory,0.20472175459411399,0.06164607666486068,0.19181023380599452,0.21763327538223345,0.20608696028293738,0.20443451038604318,0.06306719729806862,0.19122534164381558,0.2176436791282708,0.20217528079690822,0.15314689052494385,0.05386985569891153,0.14186406768626086,0.16442971336362683,0.19366072565329334,0.5221269768401415,0.07711100988811662,0.5059763884973343,0.5382775651829488,0.520516963129077,0.2530564032561718,0.086833763269484,0.2348694236425338,0.2712433828698098,0.22840956217859265,0.11971718530846817,0.18363859869265559,0.08125482545040943,0.1581795451665269,0.12382065289346589,0.10200705280006957,0.15232472774306663,0.07010325623745199,0.13391084936268716,0.16163210099188458,0.8866478274762423,0.10271947885031357,0.8651336491493575,0.908162005803127,0.9464575875060015,0.0042269312703217855,0.03711393395508599,-0.0035464317028832248,0.012000294243526796,0.004453106543822348,0.8998784300751003,0.1345986796257872,0.8716872824131048,0.9280695777370958,0.8977322043135553,0.17986874561640104,0.05589510145576059,0.1681617432661367,0.19157574796666538,0.18071285113058172
A,8,knn,27,INCOMPLETE_exploratory,0.18537921456000378,0.058431585068879195,0.1622644493481928,0.20849397977181475,0.1867134838660071,0.1845935923911549,0.060064708725219886,0.16083278497744796,0.2083543998048618,0.18442669689083013,0.13818339173749467,0.05129369715165112,0.11789228094341783,0.1584745025315715,0.1797598734572003,0.5215625878849933,0.11898342581141196,0.474494312251435,0.5686308635185516,0.5218499810838686,0.1451745312742947,0.09317833102973329,0.10831441115190216,0.18203465139668723,0.11827168234471168,0.047337994357281005,0.13974769535077528,-0.007944352734913306,0.10262034144947532,0.04975467647960748,0.04315710300770088,0.12543677846010826,-0.006464033910174728,0.09277823992557649,0.0696165191740413,0.8551361050781868,0.13259592818958973,0.802682902849776,0.9075893073065977,0.9492101733432435,0.0005341429716359642,0.0012828985431800983,2.664521025868389e-05,0.0010416407330132446,0.0005512245058666037,0.9584897355660736,0.059342145816918206,0.935014764519059,0.9819647066130883,0.9576936549025639,0.17140526727389724,0.05191346560147123,0.15086898424657716,0.19194155030121732,0.1724632852346413
A,8,mahalanobis,27,INCOMPLETE_exploratory,0.18537921456000378,0.058431585068879195,0.1622644493481928,0.20849397977181475,0.1867134838660071,0.1845935923911549,0.060064708725219886,0.16083278497744796,0.2083543998048618,0.18442669689083013,0.13818339173749467,0.05129369715165112,0.11789228094341783,0.1584745025315715,0.1797598734572003,0.5192857484507661,0.10050833239213976,0.47952597636283895,0.5590455205386933,0.5175853165771989,0.14871268278584313,0.10572907880637063,0.10688765220025415,0.1905377133714321,0.12102994152361175,0.10806670741349177,0.21792852204192845,0.021857055321766086,0.19427635950521743,0.114688745783502,0.058697627185791273,0.1170410180444769,0.012397742473433802,0.10499751189814874,0.11487147985333922,0.8452281339096173,0.13605055815114545,0.7914083255834783,0.8990479422357562,0.9458782923682839,0.00011212019284673168,0.0005825936116948797,-0.00011834616421604144,0.0003425865499095048,0.00011811953697141507,0.9038210875252621,0.13522540517535855,0.8503276988448791,0.9573144762056451,0.9016966963118641,0.16491958277061655,0.04922110881461312,0.14544836061613248,0.18439080492510063,0.16579098000017087
A,9,knn,3,INCOMPLETE_exploratory,0.1644459050835774,0.05711596929507625,0.02256197181450456,0.30632983835265026,0.16561743341404359,0.162601600310416,0.058595662437469595,0.017041905504505517,0.3081612951163265,0.16423958284716916,0.12430213098478347,0.054890773754460206,-0.01205411012582637,0.26065837209539333,0.16352122827189336,,,,,,,,,,,,,,,,,,,,,,,,,,0.0003363605785401951,0.0005825936116948797,-0.0011108821828958839,0.001783603339976274,0.00035435861091424523,0.9632068566496738,0.0636388730737435,0.8051191321138949,1.1212945811854527,0.9623659633344863,0.1517642222858194,0.04300363211157709,0.044937278015213286,0.2585911665564255,0.15264614320304393
A,9,mahalanobis,3,INCOMPLETE_exploratory,0.1644459050835774,0.05711596929507625,0.02256197181450456,0.30632983835265026,0.16561743341404359,0.162601600310416,0.058595662437469595,0.017041905504505517,0.3081612951163265,0.16423958284716916,0.12430213098478347,0.054890773754460206,-0.01205411012582637,0.26065837209539333,0.16352122827189336,,,,,,,,,,,,,,,,,,,,,,,,,,0.0,0.0,0.0,0.0,0.0,0.9074092861249197,0.16037182074071174,0.509023598320854,1.3057949739289854,0.9052922864060878,0.14784179971006955,0.04009700057420529,0.048235328455611556,0.24744827096452754,0.14863369076444136
B,5,knn,360,INCOMPLETE_exploratory,0.25262312757685806,0.06944091786931675,0.2454256735689986,0.2598205815847175,0.2539330945732436,0.25315377368177805,0.07039759645947823,0.24585716127618615,0.2604503860873699,0.24456646666545429,0.19887145209652005,0.06993595591837748,0.19162268808730146,0.20612021610573864,0.23690626192857028,0.5221879066525962,0.08409213500666225,0.51347187448159,0.5309039388236023,0.5214576396736312,0.37830821229392747,0.0881383278722668,0.36917279789194446,0.3874436266959105,0.3596738576906079,0.07382726234492562,0.12102883643539682,0.06128279273541001,0.08637173195444123,0.07534421910369286,0.1003422017951522,0.1483405675625603,0.08496690945612251,0.11571749413418189,0.12574706574178526,0.9149631778252221,0.08050750580456115,0.906618687457075,0.9233076681933692,0.9467870345958367,0.010273602931972705,0.02630483571214491,0.00754714350384757,0.01300006236009784,0.010607134420033073,0.9390813462167219,0.07487412726652223,0.9313207476544507,0.9468419447789931,0.9382771169430497,0.23395676096927281,0.06970019882918094,0.22673243285258823,0.2411810890859574,0.23508310737083574
B,5,mahalanobis,360,INCOMPLETE_exploratory,0.25262312757685806,0.06944091786931675,0.2454256735689986,0.2598205815847175,0.2539330945732436,0.25315377368177805,0.07039759645947823,0.24585716127618615,0.2604503860873699,0.24456646666545429,0.19887145209652005,0.06993595591837748,0.19162268808730146,0.20612021610573864,0.23690626192857028,0.5288376293490837,0.07271918887578896,0.5213003871368289,0.5363748715613386,0.5265628228942716,0.3855948194506976,0.08431156094161249,0.3768560440884522,0.39433359481294306,0.3681421289852085,0.145357217523506,0.19568757532732592,0.125074474055475,0.165639960991537,0.14895691616499507,0.15352738318405143,0.19221154562848775,0.13360492533226798,0.17344984103583488,0.21379783441690467,0.9028590341654656,0.08702255358579208,0.8938392682076055,0.9118788001233258,0.9449588071489466,0.027207796464356067,0.08847960081851183,0.01803700959884443,0.03637858332986771,0.028549492085991023,0.879532219193341,0.1418130531942202,0.8648334945883408,0.8942309437983412,0.8773182405139052,0.21583869115717333,0.06953721518391233,0.20863125606735025,0.2230461262469964,0.2165429566094271
