key,old,new,difference,allowed_tolerance,matches
summary/dataset_fingerprint,81c9192476ecd1e23a17b3ed5a343dcd50cdc2e5b7e0cc5466e9162941898228,81c9192476ecd1e23a17b3ed5a343dcd50cdc2e5b7e0cc5466e9162941898228,,0.0,True
summary/difference_knn_minus_mahalanobis/auroc,0.0,0.0,0.0,5e-07,True
summary/difference_knn_minus_mahalanobis/health_gap_known_minus_unknown,0.018513,0.018512,-1.000000000001e-06,5e-07,False
summary/difference_knn_minus_mahalanobis/known_health_mean,0.018513,0.018512,-1.000000000001e-06,5e-07,False
summary/difference_knn_minus_mahalanobis/open_set_accuracy,-7e-06,-7e-06,0.0,5e-07,True
summary/difference_knn_minus_mahalanobis/unknown_f1,-3e-06,-3e-06,0.0,5e-07,True
summary/difference_knn_minus_mahalanobis/unknown_health_mean,0.0,0.0,0.0,5e-07,True
summary/difference_knn_minus_mahalanobis/unknown_recall,0.0,0.0,0.0,5e-07,True
summary/experiment,health_index_benchmark,health_index_benchmark,,0.0,True
summary/methods,"['knn', 'mahalanobis']","['knn', 'mahalanobis']",,0.0,True
summary/overall/knn/auroc/mean,1.0,1.0,0.0,5e-07,True
summary/overall/knn/auroc/std,0.0,0.0,0.0,5e-07,True
summary/overall/knn/health_gap_known_minus_unknown/mean,0.601657,0.601657,0.0,5e-07,True
summary/overall/knn/health_gap_known_minus_unknown/std,0.071637,0.071637,0.0,5e-07,True
summary/overall/knn/known_health_mean/mean,0.601657,0.601657,0.0,5e-07,True
summary/overall/knn/known_health_mean/std,0.071637,0.071637,0.0,5e-07,True
summary/overall/knn/open_set_accuracy/mean,0.998842,0.998842,0.0,5e-07,True
summary/overall/knn/open_set_accuracy/std,0.000937,0.000937,0.0,5e-07,True
summary/overall/knn/unknown_f1/mean,0.999409,0.999409,0.0,5e-07,True
summary/overall/knn/unknown_f1/std,0.000478,0.000478,0.0,5e-07,True
summary/overall/knn/unknown_health_mean/mean,0.0,0.0,0.0,5e-07,True
summary/overall/knn/unknown_health_mean/std,0.0,0.0,0.0,5e-07,True
summary/overall/knn/unknown_recall/mean,1.0,1.0,0.0,5e-07,True
summary/overall/knn/unknown_recall/std,0.0,0.0,0.0,5e-07,True
summary/overall/mahalanobis/auroc/mean,1.0,1.0,0.0,5e-07,True
summary/overall/mahalanobis/auroc/std,0.0,0.0,0.0,5e-07,True
summary/overall/mahalanobis/health_gap_known_minus_unknown/mean,0.583144,0.583144,0.0,5e-07,True
summary/overall/mahalanobis/health_gap_known_minus_unknown/std,0.073301,0.073301,0.0,5e-07,True
summary/overall/mahalanobis/known_health_mean/mean,0.583144,0.583144,0.0,5e-07,True
summary/overall/mahalanobis/known_health_mean/std,0.073301,0.073301,0.0,5e-07,True
summary/overall/mahalanobis/open_set_accuracy/mean,0.998849,0.998849,0.0,5e-07,True
summary/overall/mahalanobis/open_set_accuracy/std,0.000887,0.000887,0.0,5e-07,True
summary/overall/mahalanobis/unknown_f1/mean,0.999412,0.999412,0.0,5e-07,True
summary/overall/mahalanobis/unknown_f1/std,0.000453,0.000453,0.0,5e-07,True
summary/overall/mahalanobis/unknown_health_mean/mean,0.0,0.0,0.0,5e-07,True
summary/overall/mahalanobis/unknown_health_mean/std,0.0,0.0,0.0,5e-07,True
summary/overall/mahalanobis/unknown_recall/mean,1.0,1.0,0.0,5e-07,True
summary/overall/mahalanobis/unknown_recall/std,0.0,0.0,0.0,5e-07,True
summary/rows,54,54,,0.0,True
summary/runs,6,6,,0.0,True
summary/schema_version,1,1,,0.0,True
summary/seeds,"[42, 123, 2026]","[42, 123, 2026]",,0.0,True
condition/columns,"['auroc_mean', 'auroc_std', 'dataset', 'health_gap_known_minus_unknown_mean', 'health_gap_known_minus_unknown_std', 'index', 'known_health_mean_mean', 'known_health_mean_std', 'method', 'open_set_accuracy_mean', 'open_set_accuracy_std', 'unknown_f1_mean', 'unknown_f1_std', 'unknown_health_mean_mean', 'unknown_health_mean_std', 'unknown_recall_mean', 'unknown_recall_std']","['auroc_mean', 'auroc_std', 'dataset', 'health_gap_known_minus_unknown_mean', 'health_gap_known_minus_unknown_std', 'index', 'known_health_mean_mean', 'known_health_mean_std', 'method', 'open_set_accuracy_mean', 'open_set_accuracy_std', 'unknown_f1_mean', 'unknown_f1_std', 'unknown_health_mean_mean', 'unknown_health_mean_std', 'unknown_recall_mean', 'unknown_recall_std']",,0.0,True
condition/knn/T1/11000/auroc_mean,1.0,1.0,0.0,1.01e-10,True
condition/knn/T1/11000/auroc_std,0.0,0.0,0.0,1e-12,True
condition/knn/T1/11000/dataset,T1/11000,T1/11000,,0.0,True
condition/knn/T1/11000/health_gap_known_minus_unknown_mean,0.5721783333333333,0.5721783333333333,0.0,5.821783333333333e-11,True
condition/knn/T1/11000/health_gap_known_minus_unknown_std,0.023939278692837296,0.0239392786928373,3.469446951953614e-18,3.3939278692837294e-12,True
condition/knn/T1/11000/index,0,0,,0.0,True
condition/knn/T1/11000/known_health_mean_mean,0.5721783333333333,0.5721783333333333,0.0,5.821783333333333e-11,True
condition/knn/T1/11000/known_health_mean_std,0.023939278692837296,0.0239392786928373,3.469446951953614e-18,3.3939278692837294e-12,True
condition/knn/T1/11000/method,knn,knn,,0.0,True
condition/knn/T1/11000/open_set_accuracy_mean,0.9981526666666666,0.9981526666666667,1.1102230246251565e-16,1.0081526666666666e-10,True
condition/knn/T1/11000/open_set_accuracy_std,0.0006786231158260379,0.0006786231158259979,-4.0007060164715114e-17,1.0678623115826038e-12,True
condition/knn/T1/11000/unknown_f1_mean,0.9990546666666668,0.9990546666666666,-1.1102230246251565e-16,1.0090546666666668e-10,True
condition/knn/T1/11000/unknown_f1_std,0.000346677563931294,0.00034667756393125845,-3.5561831257524545e-17,1.0346677563931293e-12,True
condition/knn/T1/11000/unknown_health_mean_mean,0.0,0.0,0.0,1e-12,True
condition/knn/T1/11000/unknown_health_mean_std,0.0,0.0,0.0,1e-12,True
condition/knn/T1/11000/unknown_recall_mean,1.0,1.0,0.0,1.01e-10,True
condition/knn/T1/11000/unknown_recall_std,0.0,0.0,0.0,1e-12,True
condition/knn/T1/6000/auroc_mean,1.0,1.0,0.0,1.01e-10,True
condition/knn/T1/6000/auroc_std,0.0,0.0,0.0,1e-12,True
condition/knn/T1/6000/dataset,T1/6000,T1/6000,,0.0,True
condition/knn/T1/6000/health_gap_known_minus_unknown_mean,0.58587,0.58587,0.0,5.9587e-11,True
condition/knn/T1/6000/health_gap_known_minus_unknown_std,0.09294933788360195,0.09294933788360195,0.0,1.0294933788360195e-11,True
condition/knn/T1/6000/index,1,1,,0.0,True
condition/knn/T1/6000/known_health_mean_mean,0.58587,0.58587,0.0,5.9587e-11,True
condition/knn/T1/6000/known_health_mean_std,0.09294933788360195,0.09294933788360195,0.0,1.0294933788360195e-11,True
condition/knn/T1/6000/method,knn,knn,,0.0,True
condition/knn/T1/6000/open_set_accuracy_mean,0.997958,0.997958,0.0,1.007958e-10,True
condition/knn/T1/6000/open_set_accuracy_std,0.0013028733629942653,0.001302873362994265,-2.168404344971009e-19,1.1302873362994266e-12,True
condition/knn/T1/6000/unknown_f1_mean,0.998959,0.998959,0.0,1.0089590000000001e-10,True
condition/knn/T1/6000/unknown_f1_std,0.0006638704692935293,0.0006638704692934869,-4.2392304944183223e-17,1.0663870469293529e-12,True
condition/knn/T1/6000/unknown_health_mean_mean,0.0,0.0,0.0,1e-12,True
condition/knn/T1/6000/unknown_health_mean_std,0.0,0.0,0.0,1e-12,True
condition/knn/T1/6000/unknown_recall_mean,1.0,1.0,0.0,1.01e-10,True
condition/knn/T1/6000/unknown_recall_std,0.0,0.0,0.0,1e-12,True
condition/knn/T1/8000/auroc_mean,1.0,1.0,0.0,1.01e-10,True
condition/knn/T1/8000/auroc_std,0.0,0.0,0.0,1e-12,True
condition/knn/T1/8000/dataset,T1/8000,T1/8000,,0.0,True
condition/knn/T1/8000/health_gap_known_minus_unknown_mean,0.5736476666666667,0.5736476666666667,0.0,5.836476666666667e-11,True
condition/knn/T1/8000/health_gap_known_minus_unknown_std,0.044300757559361574,0.044300757559361574,0.0,5.430075755936158e-12,True
condition/knn/T1/8000/index,2,2,,0.0,True
condition/knn/T1/8000/known_health_mean_mean,0.5736476666666667,0.5736476666666667,0.0,5.836476666666667e-11,True
condition/knn/T1/8000/known_health_mean_std,0.044300757559361574,0.044300757559361574,0.0,5.430075755936158e-12,True
condition/knn/T1/8000/method,knn,knn,,0.0,True
condition/knn/T1/8000/open_set_accuracy_mean,0.9980953333333332,0.9980953333333333,1.1102230246251565e-16,1.0080953333333332e-10,True
condition/knn/T1/8000/open_set_accuracy_std,0.0011479574614650765,0.001147957461465082,5.637851296924623e-18,1.1147957461465077e-12,True
condition/knn/T1/8000/unknown_f1_mean,0.9990266666666666,0.9990266666666666,0.0,1.0090266666666666e-10,True
condition/knn/T1/8000/unknown_f1_std,0.0005861888205462467,0.0005861888205462093,-3.74049749507499e-17,1.0586188820546247e-12,True
condition/knn/T1/8000/unknown_health_mean_mean,0.0,0.0,0.0,1e-12,True
condition/knn/T1/8000/unknown_health_mean_std,0.0,0.0,0.0,1e-12,True
condition/knn/T1/8000/unknown_recall_mean,1.0,1.0,0.0,1.01e-10,True
condition/knn/T1/8000/unknown_recall_std,0.0,0.0,0.0,1e-12,True
condition/knn/T2/11000/auroc_mean,1.0,1.0,0.0,1.01e-10,True
condition/knn/T2/11000/auroc_std,0.0,0.0,0.0,1e-12,True
condition/knn/T2/11000/dataset,T2/11000,T2/11000,,0.0,True
condition/knn/T2/11000/health_gap_known_minus_unknown_mean,0.5867116666666666,0.5867116666666666,0.0,5.967116666666667e-11,True
condition/knn/T2/11000/health_gap_known_minus_unknown_std,0.10453371852341882,0.10453371852341876,-5.551115123125783e-17,1.1453371852341882e-11,True
condition/knn/T2/11000/index,3,3,,0.0,True
condition/knn/T2/11000/known_health_mean_mean,0.5867116666666666,0.5867116666666666,0.0,5.967116666666667e-11,True
condition/knn/T2/11000/known_health_mean_std,0.10453371852341882,0.10453371852341876,-5.551115123125783e-17,1.1453371852341882e-11,True
condition/knn/T2/11000/method,knn,knn,,0.0,True
condition/knn/T2/11000/open_set_accuracy_mean,0.9991713333333333,0.9991713333333333,0.0,1.0091713333333333e-10,True
condition/knn/T2/11000/open_set_accuracy_std,0.0007176463846026613,0.0007176463846027014,4.0115480381963664e-17,1.0717646384602661e-12,True
condition/knn/T2/11000/unknown_f1_mean,0.9995786666666667,0.9995786666666667,0.0,1.0095786666666667e-10,True
condition/knn/T2/11000/unknown_f1_std,0.0003648853701278318,0.0003648853701278238,-8.023096076392733e-18,1.036488537012783e-12,True
condition/knn/T2/11000/unknown_health_mean_mean,0.0,0.0,0.0,1e-12,True
condition/knn/T2/11000/unknown_health_mean_std,0.0,0.0,0.0,1e-12,True
condition/knn/T2/11000/unknown_recall_mean,1.0,1.0,0.0,1.01e-10,True
condition/knn/T2/11000/unknown_recall_std,0.0,0.0,0.0,1e-12,True
condition/knn/T2/6000/auroc_mean,1.0,1.0,0.0,1.01e-10,True
condition/knn/T2/6000/auroc_std,0.0,0.0,0.0,1e-12,True
condition/knn/T2/6000/dataset,T2/6000,T2/6000,,0.0,True
condition/knn/T2/6000/health_gap_known_minus_unknown_mean,0.6512359999999999,0.6512359999999999,0.0,6.61236e-11,True
condition/knn/T2/6000/health_gap_known_minus_unknown_std,0.020384109767169194,0.02038410976716914,-5.204170427930421e-17,3.0384109767169195e-12,True
condition/knn/T2/6000/index,4,4,,0.0,True
condition/knn/T2/6000/known_health_mean_mean,0.6512359999999999,0.6512359999999999,0.0,6.61236e-11,True
condition/knn/T2/6000/known_health_mean_std,0.020384109767169194,0.02038410976716914,-5.204170427930421e-17,3.0384109767169195e-12,True
condition/knn/T2/6000/method,knn,knn,,0.0,True
condition/knn/T2/6000/open_set_accuracy_mean,0.9993176666666667,0.9993176666666667,0.0,1.0093176666666667e-10,True
condition/knn/T2/6000/open_set_accuracy_std,0.00034150012201070976,0.00034150012201070976,0.0,1.034150012201071e-12,True
condition/knn/T2/6000/unknown_f1_mean,0.9996513333333333,0.9996513333333333,0.0,1.0096513333333333e-10,True
condition/knn/T2/6000/unknown_f1_std,0.00017450023877737343,0.00017450023877731792,-5.551115123125783e-17,1.0174500238777373e-12,True
condition/knn/T2/6000/unknown_health_mean_mean,0.0,0.0,0.0,1e-12,True
condition/knn/T2/6000/unknown_health_mean_std,0.0,0.0,0.0,1e-12,True
condition/knn/T2/6000/unknown_recall_mean,1.0,1.0,0.0,1.01e-10,True
condition/knn/T2/6000/unknown_recall_std,0.0,0.0,0.0,1e-12,True
condition/knn/T2/8000/auroc_mean,1.0,1.0,0.0,1.01e-10,True
condition/knn/T2/8000/auroc_std,0.0,0.0,0.0,1e-12,True
condition/knn/T2/8000/dataset,T2/8000,T2/8000,,0.0,True
condition/knn/T2/8000/health_gap_known_minus_unknown_mean,0.630541,0.630541,0.0,6.40541e-11,True
condition/knn/T2/8000/health_gap_known_minus_unknown_std,0.07023186054775994,0.07023186054775994,0.0,8.023186054775995e-12,True
condition/knn/T2/8000/index,5,5,,0.0,True
condition/knn/T2/8000/known_health_mean_mean,0.630541,0.630541,0.0,6.40541e-11,True
condition/knn/T2/8000/known_health_mean_std,0.07023186054775994,0.07023186054775994,0.0,8.023186054775995e-12,True
condition/knn/T2/8000/method,knn,knn,,0.0,True
condition/knn/T2/8000/open_set_accuracy_mean,0.999549,0.999549,0.0,1.009549e-10,True
condition/knn/T2/8000/open_set_accuracy_std,0.0005168491075739602,0.0005168491075739602,0.0,1.051684910757396e-12,True
condition/knn/T2/8000/unknown_f1_mean,0.999769,0.999769,0.0,1.009769e-10,True
condition/knn/T2/8000/unknown_f1_std,0.00026480747723583477,0.00026480747723580446,-3.030345072096985e-17,1.0264807477235835e-12,True
condition/knn/T2/8000/unknown_health_mean_mean,0.0,0.0,0.0,1e-12,True
condition/knn/T2/8000/unknown_health_mean_std,0.0,0.0,0.0,1e-12,True
condition/knn/T2/8000/unknown_recall_mean,1.0,1.0,0.0,1.01e-10,True
condition/knn/T2/8000/unknown_recall_std,0.0,0.0,0.0,1e-12,True
condition/knn/T3/11000/auroc_mean,1.0,1.0,0.0,1.01e-10,True
condition/knn/T3/11000/auroc_std,0.0,0.0,0.0,1e-12,True
condition/knn/T3/11000/dataset,T3/11000,T3/11000,,0.0,True
condition/knn/T3/11000/health_gap_known_minus_unknown_mean,0.574182,0.574182,0.0,5.84182e-11,True
condition/knn/T3/11000/health_gap_known_minus_unknown_std,0.11525808582915131,0.1152580858291513,-1.3877787807814457e-17,1.2525808582915132e-11,True
condition/knn/T3/11000/index,6,6,,0.0,True
condition/knn/T3/11000/known_health_mean_mean,0.574182,0.574182,0.0,5.84182e-11,True
condition/knn/T3/11000/known_health_mean_std,0.11525808582915131,0.1152580858291513,-1.3877787807814457e-17,1.2525808582915132e-11,True
condition/knn/T3/11000/method,knn,knn,,0.0,True
condition/knn/T3/11000/open_set_accuracy_mean,0.9987303333333334,0.9987303333333333,-1.1102230246251565e-16,1.0087303333333334e-10,True
condition/knn/T3/11000/open_set_accuracy_std,0.0013993321025880042,0.001399332102588019,1.474514954580286e-17,1.1399332102588004e-12,True
condition/knn/T3/11000/unknown_f1_mean,0.9993526666666668,0.9993526666666667,-1.1102230246251565e-16,1.0093526666666668e-10,True
condition/knn/T3/11000/unknown_f1_std,0.000713275075502651,0.0007132750755026464,-4.553649124439119e-18,1.0713275075502651e-12,True
condition/knn/T3/11000/unknown_health_mean_mean,0.0,0.0,0.0,1e-12,True
condition/knn/T3/11000/unknown_health_mean_std,0.0,0.0,0.0,1e-12,True
condition/knn/T3/11000/unknown_recall_mean,1.0,1.0,0.0,1.01e-10,True
condition/knn/T3/11000/unknown_recall_std,0.0,0.0,0.0,1e-12,True
condition/knn/T3/6000/auroc_mean,1.0,1.0,0.0,1.01e-10,True
condition/knn/T3/6000/auroc_std,0.0,0.0,0.0,1e-12,True
condition/knn/T3/6000/dataset,T3/6000,T3/6000,,0.0,True
condition/knn/T3/6000/health_gap_known_minus_unknown_mean,0.6366033333333333,0.6366033333333333,0.0,6.466033333333333e-11,True
condition/knn/T3/6000/health_gap_known_minus_unknown_std,0.08418493159902983,0.08418493159902984,1.3877787807814457e-17,9.418493159902983e-12,True
condition/knn/T3/6000/index,7,7,,0.0,True
condition/knn/T3/6000/known_health_mean_mean,0.6366033333333333,0.6366033333333333,0.0,6.466033333333333e-11,True
condition/knn/T3/6000/known_health_mean_std,0.08418493159902983,0.08418493159902984,1.3877787807814457e-17,9.418493159902983e-12,True
condition/knn/T3/6000/method,knn,knn,,0.0,True
condition/knn/T3/6000/open_set_accuracy_mean,0.9993803333333333,0.9993803333333333,0.0,1.0093803333333334e-10,True
condition/knn/T3/6000/open_set_accuracy_std,0.00042897125000785626,0.0004289712500078562,-5.421010862427522e-20,1.0428971250007857e-12,True
condition/knn/T3/6000/unknown_f1_mean,0.999683,0.999683,0.0,1.009683e-10,True
condition/knn/T3/6000/unknown_f1_std,0.00021997045256122704,0.00021997045256122704,0.0,1.0219970452561226e-12,True
condition/knn/T3/6000/unknown_health_mean_mean,0.0,0.0,0.0,1e-12,True
condition/knn/T3/6000/unknown_health_mean_std,0.0,0.0,0.0,1e-12,True
condition/knn/T3/6000/unknown_recall_mean,1.0,1.0,0.0,1.01e-10,True
condition/knn/T3/6000/unknown_recall_std,0.0,0.0,0.0,1e-12,True
condition/knn/T3/8000/auroc_mean,1.0,1.0,0.0,1.01e-10,True
condition/knn/T3/8000/auroc_std,0.0,0.0,0.0,1e-12,True
condition/knn/T3/8000/dataset,T3/8000,T3/8000,,0.0,True
condition/knn/T3/8000/health_gap_known_minus_unknown_mean,0.6039386666666667,0.6039386666666667,0.0,6.139386666666667e-11,True
condition/knn/T3/8000/health_gap_known_minus_unknown_std,0.08827848236877057,0.08827848236877057,0.0,9.827848236877058e-12,True
condition/knn/T3/8000/index,8,8,,0.0,True
condition/knn/T3/8000/known_health_mean_mean,0.6039386666666667,0.6039386666666667,0.0,6.139386666666667e-11,True
condition/knn/T3/8000/known_health_mean_std,0.08827848236877057,0.08827848236877057,0.0,9.827848236877058e-12,True
condition/knn/T3/8000/method,knn,knn,,0.0,True
condition/knn/T3/8000/open_set_accuracy_mean,0.9992243333333333,0.9992243333333333,0.0,1.0092243333333333e-10,True
condition/knn/T3/8000/open_set_accuracy_std,0.0005081203925580664,0.0005081203925580633,-3.0357660829594124e-18,1.0508120392558066e-12,True
condition/knn/T3/8000/unknown_f1_mean,0.999605,0.999605,0.0,1.009605e-10,True
condition/knn/T3/8000/unknown_f1_std,0.0002585884761546942,0.00025858847615471545,2.1250362580715887e-17,1.0258588476154695e-12,True
condition/knn/T3/8000/unknown_health_mean_mean,0.0,0.0,0.0,1e-12,True
condition/knn/T3/8000/unknown_health_mean_std,0.0,0.0,0.0,1e-12,True
condition/knn/T3/8000/unknown_recall_mean,1.0,1.0,0.0,1.01e-10,True
condition/knn/T3/8000/unknown_recall_std,0.0,0.0,0.0,1e-12,True
condition/mahalanobis/T1/11000/auroc_mean,1.0,1.0,0.0,1.01e-10,True
condition/mahalanobis/T1/11000/auroc_std,0.0,0.0,0.0,1e-12,True
condition/mahalanobis/T1/11000/dataset,T1/11000,T1/11000,,0.0,True
condition/mahalanobis/T1/11000/health_gap_known_minus_unknown_mean,0.5607383333333333,0.5607383333333333,0.0,5.707383333333334e-11,True
condition/mahalanobis/T1/11000/health_gap_known_minus_unknown_std,0.025519705059685364,0.025519705059685364,0.0,3.5519705059685364e-12,True
condition/mahalanobis/T1/11000/index,9,9,,0.0,True
condition/mahalanobis/T1/11000/known_health_mean_mean,0.5607383333333333,0.5607383333333333,0.0,5.707383333333334e-11,True
condition/mahalanobis/T1/11000/known_health_mean_std,0.025519705059685364,0.025519705059685364,0.0,3.5519705059685364e-12,True
condition/mahalanobis/T1/11000/method,mahalanobis,mahalanobis,,0.0,True
condition/mahalanobis/T1/11000/open_set_accuracy_mean,0.9986959999999999,0.998696,1.1102230246251565e-16,1.008696e-10,True
condition/mahalanobis/T1/11000/open_set_accuracy_std,0.0005646485632674258,0.0005646485632674098,-1.6046192152785466e-17,1.0564648563267425e-12,True
condition/mahalanobis/T1/11000/unknown_f1_mean,0.9993323333333333,0.9993323333333334,1.1102230246251565e-16,1.0093323333333333e-10,True
condition/mahalanobis/T1/11000/unknown_f1_std,0.0002886751345948612,0.0002886751345948452,-1.599198204416119e-17,1.0288675134594861e-12,True
condition/mahalanobis/T1/11000/unknown_health_mean_mean,0.0,0.0,0.0,1e-12,True
condition/mahalanobis/T1/11000/unknown_health_mean_std,0.0,0.0,0.0,1e-12,True
condition/mahalanobis/T1/11000/unknown_recall_mean,1.0,1.0,0.0,1.01e-10,True
condition/mahalanobis/T1/11000/unknown_recall_std,0.0,0.0,0.0,1e-12,True
condition/mahalanobis/T1/6000/auroc_mean,1.0,1.0,0.0,1.01e-10,True
condition/mahalanobis/T1/6000/auroc_std,0.0,0.0,0.0,1e-12,True
condition/mahalanobis/T1/6000/dataset,T1/6000,T1/6000,,0.0,True
condition/mahalanobis/T1/6000/health_gap_known_minus_unknown_mean,0.6330636666666667,0.6330636666666667,0.0,6.430636666666667e-11,True
condition/mahalanobis/T1/6000/health_gap_known_minus_unknown_std,0.09786062833097561,0.0978606283309756,-1.3877787807814457e-17,1.0786062833097562e-11,True
condition/mahalanobis/T1/6000/index,10,10,,0.0,True
condition/mahalanobis/T1/6000/known_health_mean_mean,0.6330636666666667,0.6330636666666667,0.0,6.430636666666667e-11,True
condition/mahalanobis/T1/6000/known_health_mean_std,0.09786062833097561,0.0978606283309756,-1.3877787807814457e-17,1.0786062833097562e-11,True
condition/mahalanobis/T1/6000/method,mahalanobis,mahalanobis,,0.0,True
condition/mahalanobis/T1/6000/open_set_accuracy_mean,0.9989253333333333,0.9989253333333333,0.0,1.0089253333333334e-10,True
condition/mahalanobis/T1/6000/open_set_accuracy_std,0.0011323455008667687,0.001132345500866795,2.6237692574149207e-17,1.113234550086677e-12,True
condition/mahalanobis/T1/6000/unknown_f1_mean,0.9994516666666667,0.9994516666666666,-1.1102230246251565e-16,1.0094516666666668e-10,True
condition/mahalanobis/T1/6000/unknown_f1_std,0.0005774204129863482,0.0005774204129863626,1.441988889405721e-17,1.0577420412986348e-12,True
condition/mahalanobis/T1/6000/unknown_health_mean_mean,0.0,0.0,0.0,1e-12,True
condition/mahalanobis/T1/6000/unknown_health_mean_std,0.0,0.0,0.0,1e-12,True
condition/mahalanobis/T1/6000/unknown_recall_mean,1.0,1.0,0.0,1.01e-10,True
condition/mahalanobis/T1/6000/unknown_recall_std,0.0,0.0,0.0,1e-12,True
condition/mahalanobis/T1/8000/auroc_mean,1.0,1.0,0.0,1.01e-10,True
condition/mahalanobis/T1/8000/auroc_std,0.0,0.0,0.0,1e-12,True
condition/mahalanobis/T1/8000/dataset,T1/8000,T1/8000,,0.0,True
condition/mahalanobis/T1/8000/health_gap_known_minus_unknown_mean,0.5331626666666667,0.5331626666666667,0.0,5.431626666666667e-11,True
condition/mahalanobis/T1/8000/health_gap_known_minus_unknown_std,0.0464469440150085,0.0464469440150085,0.0,5.64469440150085e-12,True
condition/mahalanobis/T1/8000/index,11,11,,0.0,True
condition/mahalanobis/T1/8000/known_health_mean_mean,0.5331626666666667,0.5331626666666667,0.0,5.431626666666667e-11,True
condition/mahalanobis/T1/8000/known_health_mean_std,0.0464469440150085,0.0464469440150085,0.0,5.64469440150085e-12,True
condition/mahalanobis/T1/8000/method,mahalanobis,mahalanobis,,0.0,True
condition/mahalanobis/T1/8000/open_set_accuracy_mean,0.9986906666666666,0.9986906666666666,0.0,1.0086906666666667e-10,True
condition/mahalanobis/T1/8000/open_set_accuracy_std,0.000743715223276615,0.0007437152232765793,-3.5670251474773096e-17,1.0743715223276614e-12,True
condition/mahalanobis/T1/8000/unknown_f1_mean,0.9993306666666667,0.9993306666666667,0.0,1.0093306666666667e-10,True
condition/mahalanobis/T1/8000/unknown_f1_std,0.00037982408208709983,0.0003798240820871309,3.10623922417097e-17,1.03798240820871e-12,True
condition/mahalanobis/T1/8000/unknown_health_mean_mean,0.0,0.0,0.0,1e-12,True
condition/mahalanobis/T1/8000/unknown_health_mean_std,0.0,0.0,0.0,1e-12,True
condition/mahalanobis/T1/8000/unknown_recall_mean,1.0,1.0,0.0,1.01e-10,True
condition/mahalanobis/T1/8000/unknown_recall_std,0.0,0.0,0.0,1e-12,True
condition/mahalanobis/T2/11000/auroc_mean,1.0,1.0,0.0,1.01e-10,True
condition/mahalanobis/T2/11000/auroc_std,0.0,0.0,0.0,1e-12,True
condition/mahalanobis/T2/11000/dataset,T2/11000,T2/11000,,0.0,True
condition/mahalanobis/T2/11000/health_gap_known_minus_unknown_mean,0.5195376666666667,0.5195376666666667,0.0,5.295376666666667e-11,True
condition/mahalanobis/T2/11000/health_gap_known_minus_unknown_std,0.0546192201549357,0.054619220154935706,6.938893903907228e-18,6.46192201549357e-12,True
condition/mahalanobis/T2/11000/index,12,12,,0.0,True
condition/mahalanobis/T2/11000/known_health_mean_mean,0.5195376666666667,0.5195376666666667,0.0,5.295376666666667e-11,True
condition/mahalanobis/T2/11000/known_health_mean_std,0.0546192201549357,0.054619220154935706,6.938893903907228e-18,6.46192201549357e-12,True
condition/mahalanobis/T2/11000/method,mahalanobis,mahalanobis,,0.0,True
condition/mahalanobis/T2/11000/open_set_accuracy_mean,0.9986533333333334,0.9986533333333333,-1.1102230246251565e-16,1.0086533333333334e-10,True
condition/mahalanobis/T2/11000/open_set_accuracy_std,0.00017955593371799295,0.00017955593371800897,1.6019087098473328e-17,1.0179555933717992e-12,True
condition/mahalanobis/T2/11000/unknown_f1_mean,0.9993156666666666,0.9993156666666667,1.1102230246251565e-16,1.0093156666666666e-10,True
condition/mahalanobis/T2/11000/unknown_f1_std,9.064399226282985e-05,9.064399226281382e-05,-1.6032639625629397e-17,1.009064399226283e-12,True
condition/mahalanobis/T2/11000/unknown_health_mean_mean,0.0,0.0,0.0,1e-12,True
condition/mahalanobis/T2/11000/unknown_health_mean_std,0.0,0.0,0.0,1e-12,True
condition/mahalanobis/T2/11000/unknown_recall_mean,1.0,1.0,0.0,1.01e-10,True
condition/mahalanobis/T2/11000/unknown_recall_std,0.0,0.0,0.0,1e-12,True
condition/mahalanobis/T2/6000/auroc_mean,1.0,1.0,0.0,1.01e-10,True
condition/mahalanobis/T2/6000/auroc_std,0.0,0.0,0.0,1e-12,True
condition/mahalanobis/T2/6000/dataset,T2/6000,T2/6000,,0.0,True
condition/mahalanobis/T2/6000/health_gap_known_minus_unknown_mean,0.652219,0.652219,0.0,6.62219e-11,True
condition/mahalanobis/T2/6000/health_gap_known_minus_unknown_std,0.04394592045912796,0.04394592045912794,-1.3877787807814457e-17,5.3945920459127955e-12,True
condition/mahalanobis/T2/6000/index,13,13,,0.0,True
condition/mahalanobis/T2/6000/known_health_mean_mean,0.652219,0.652219,0.0,6.62219e-11,True
condition/mahalanobis/T2/6000/known_health_mean_std,0.04394592045912796,0.04394592045912794,-1.3877787807814457e-17,5.3945920459127955e-12,True
condition/mahalanobis/T2/6000/method,mahalanobis,mahalanobis,,0.0,True
condition/mahalanobis/T2/6000/open_set_accuracy_mean,0.9990899999999999,0.99909,1.1102230246251565e-16,1.00909e-10,True
condition/mahalanobis/T2/6000/open_set_accuracy_std,0.0005214316829652402,0.0005214316829652371,-3.0357660829594124e-18,1.052143168296524e-12,True
condition/mahalanobis/T2/6000/unknown_f1_mean,0.999535,0.999535,0.0,1.0095349999999999e-10,True
condition/mahalanobis/T2/6000/unknown_f1_std,0.0002667714377514836,0.0002667714377514866,2.9815559743351372e-18,1.0266771437751484e-12,True
condition/mahalanobis/T2/6000/unknown_health_mean_mean,0.0,0.0,0.0,1e-12,True
condition/mahalanobis/T2/6000/unknown_health_mean_std,0.0,0.0,0.0,1e-12,True
condition/mahalanobis/T2/6000/unknown_recall_mean,1.0,1.0,0.0,1.01e-10,True
condition/mahalanobis/T2/6000/unknown_recall_std,0.0,0.0,0.0,1e-12,True
condition/mahalanobis/T2/8000/auroc_mean,1.0,1.0,0.0,1.01e-10,True
condition/mahalanobis/T2/8000/auroc_std,0.0,0.0,0.0,1e-12,True
condition/mahalanobis/T2/8000/dataset,T2/8000,T2/8000,,0.0,True
condition/mahalanobis/T2/8000/health_gap_known_minus_unknown_mean,0.590608,0.590608,0.0,6.006080000000001e-11,True
condition/mahalanobis/T2/8000/health_gap_known_minus_unknown_std,0.0785268601944583,0.0785268601944583,0.0,8.85268601944583e-12,True
condition/mahalanobis/T2/8000/index,14,14,,0.0,True
condition/mahalanobis/T2/8000/known_health_mean_mean,0.590608,0.590608,0.0,6.006080000000001e-11,True
condition/mahalanobis/T2/8000/known_health_mean_std,0.0785268601944583,0.0785268601944583,0.0,8.85268601944583e-12,True
condition/mahalanobis/T2/8000/method,mahalanobis,mahalanobis,,0.0,True
condition/mahalanobis/T2/8000/open_set_accuracy_mean,0.9986473333333333,0.9986473333333333,0.0,1.0086473333333333e-10,True
condition/mahalanobis/T2/8000/open_set_accuracy_std,0.001474454927535412,0.001474454927535412,0.0,1.1474454927535411e-12,True
condition/mahalanobis/T2/8000/unknown_f1_mean,0.999307,0.9993070000000001,1.1102230246251565e-16,1.009307e-10,True
condition/mahalanobis/T2/8000/unknown_f1_std,0.00075500728473311,0.0007550072847330653,-4.466912950640278e-17,1.075500728473311e-12,True
condition/mahalanobis/T2/8000/unknown_health_mean_mean,0.0,0.0,0.0,1e-12,True
condition/mahalanobis/T2/8000/unknown_health_mean_std,0.0,0.0,0.0,1e-12,True
condition/mahalanobis/T2/8000/unknown_recall_mean,1.0,1.0,0.0,1.01e-10,True
condition/mahalanobis/T2/8000/unknown_recall_std,0.0,0.0,0.0,1e-12,True
condition/mahalanobis/T3/11000/auroc_mean,1.0,1.0,0.0,1.01e-10,True
condition/mahalanobis/T3/11000/auroc_std,0.0,0.0,0.0,1e-12,True
condition/mahalanobis/T3/11000/dataset,T3/11000,T3/11000,,0.0,True
condition/mahalanobis/T3/11000/health_gap_known_minus_unknown_mean,0.5662486666666667,0.5662486666666666,-1.1102230246251565e-16,5.762486666666668e-11,True
condition/mahalanobis/T3/11000/health_gap_known_minus_unknown_std,0.1076345601576619,0.1076345601576619,0.0,1.176345601576619e-11,True
condition/mahalanobis/T3/11000/index,15,15,,0.0,True
condition/mahalanobis/T3/11000/known_health_mean_mean,0.5662486666666667,0.5662486666666666,-1.1102230246251565e-16,5.762486666666668e-11,True
condition/mahalanobis/T3/11000/known_health_mean_std,0.1076345601576619,0.1076345601576619,0.0,1.176345601576619e-11,True
condition/mahalanobis/T3/11000/method,mahalanobis,mahalanobis,,0.0,True
condition/mahalanobis/T3/11000/open_set_accuracy_mean,0.998384,0.998384,0.0,1.008384e-10,True
condition/mahalanobis/T3/11000/open_set_accuracy_std,0.0011133750491187024,0.0011133750491186922,-1.0191500421363742e-17,1.1113375049118701e-12,True
condition/mahalanobis/T3/11000/unknown_f1_mean,0.9991756666666666,0.9991756666666667,1.1102230246251565e-16,1.0091756666666666e-10,True
condition/mahalanobis/T3/11000/unknown_f1_std,0.0005674718788921076,0.0005674718788921076,0.0,1.0567471878892108e-12,True
condition/mahalanobis/T3/11000/unknown_health_mean_mean,0.0,0.0,0.0,1e-12,True
condition/mahalanobis/T3/11000/unknown_health_mean_std,0.0,0.0,0.0,1e-12,True
condition/mahalanobis/T3/11000/unknown_recall_mean,1.0,1.0,0.0,1.01e-10,True
condition/mahalanobis/T3/11000/unknown_recall_std,0.0,0.0,0.0,1e-12,True
condition/mahalanobis/T3/6000/auroc_mean,1.0,1.0,0.0,1.01e-10,True
condition/mahalanobis/T3/6000/auroc_std,0.0,0.0,0.0,1e-12,True
condition/mahalanobis/T3/6000/dataset,T3/6000,T3/6000,,0.0,True
condition/mahalanobis/T3/6000/health_gap_known_minus_unknown_mean,0.5836333333333333,0.5836333333333333,0.0,5.936333333333333e-11,True
condition/mahalanobis/T3/6000/health_gap_known_minus_unknown_std,0.059653221374317535,0.059653221374317535,0.0,6.965322137431754e-12,True
condition/mahalanobis/T3/6000/index,16,16,,0.0,True
condition/mahalanobis/T3/6000/known_health_mean_mean,0.5836333333333333,0.5836333333333333,0.0,5.936333333333333e-11,True
condition/mahalanobis/T3/6000/known_health_mean_std,0.059653221374317535,0.059653221374317535,0.0,6.965322137431754e-12,True
condition/mahalanobis/T3/6000/method,mahalanobis,mahalanobis,,0.0,True
condition/mahalanobis/T3/6000/open_set_accuracy_mean,0.998885,0.998885,0.0,1.008885e-10,True
condition/mahalanobis/T3/6000/open_set_accuracy_std,0.0016197898011779271,0.0016197898011779113,-1.5829351718288365e-17,1.1619789801177928e-12,True
condition/mahalanobis/T3/6000/unknown_f1_mean,0.9994299999999999,0.99943,1.1102230246251565e-16,1.0094299999999999e-10,True
condition/mahalanobis/T3/6000/unknown_f1_std,0.000828190799272738,0.000828190799272703,-3.5019730171281793e-17,1.0828190799272737e-12,True
condition/mahalanobis/T3/6000/unknown_health_mean_mean,0.0,0.0,0.0,1e-12,True
condition/mahalanobis/T3/6000/unknown_health_mean_std,0.0,0.0,0.0,1e-12,True
condition/mahalanobis/T3/6000/unknown_recall_mean,1.0,1.0,0.0,1.01e-10,True
condition/mahalanobis/T3/6000/unknown_recall_std,0.0,0.0,0.0,1e-12,True
condition/mahalanobis/T3/8000/auroc_mean,1.0,1.0,0.0,1.01e-10,True
condition/mahalanobis/T3/8000/auroc_std,0.0,0.0,0.0,1e-12,True
condition/mahalanobis/T3/8000/dataset,T3/8000,T3/8000,,0.0,True
condition/mahalanobis/T3/8000/health_gap_known_minus_unknown_mean,0.6090886666666666,0.6090886666666666,0.0,6.190886666666665e-11,True
condition/mahalanobis/T3/8000/health_gap_known_minus_unknown_std,0.0908509577403196,0.09085095774031961,1.3877787807814457e-17,1.0085095774031959e-11,True
condition/mahalanobis/T3/8000/index,17,17,,0.0,True
condition/mahalanobis/T3/8000/known_health_mean_mean,0.6090886666666666,0.6090886666666666,0.0,6.190886666666665e-11,True
condition/mahalanobis/T3/8000/known_health_mean_std,0.0908509577403196,0.09085095774031961,1.3877787807814457e-17,1.0085095774031959e-11,True
condition/mahalanobis/T3/8000/method,mahalanobis,mahalanobis,,0.0,True
condition/mahalanobis/T3/8000/open_set_accuracy_mean,0.9996676666666667,0.9996676666666666,-1.1102230246251565e-16,1.0096676666666668e-10,True
condition/mahalanobis/T3/8000/open_set_accuracy_std,0.00033250012531324525,0.00033250012531327295,2.7701365507004638e-17,1.0332500125313245e-12,True
condition/mahalanobis/T3/8000/unknown_f1_mean,0.9998306666666666,0.9998306666666666,0.0,1.0098306666666666e-10,True
condition/mahalanobis/T3/8000/unknown_f1_std,0.00016950024582088082,0.00016950024582085315,-2.76742604526925e-17,1.016950024582088e-12,True
condition/mahalanobis/T3/8000/unknown_health_mean_mean,0.0,0.0,0.0,1e-12,True
condition/mahalanobis/T3/8000/unknown_health_mean_std,0.0,0.0,0.0,1e-12,True
condition/mahalanobis/T3/8000/unknown_recall_mean,1.0,1.0,0.0,1.01e-10,True
condition/mahalanobis/T3/8000/unknown_recall_std,0.0,0.0,0.0,1e-12,True
