method,known_accuracy,fault_accuracy,fault_macro_f1,unknown_auroc,unknown_recall,healthy_total_alarm,coverage,worst_rpm_healthy_total_alarm,worst_motor_fault_class_recall,all_nine_health_groups_within_research_limit
D01,0.39286280239858157,0.30431489352487695,0.28519080183679363,0.5745878889175444,0.1843672497331034,0.14125969706191704,0.8499697674449237,1.0,0.0,False
D02,0.39286280239858157,0.30431489352487695,0.28519080183679363,0.5710528342615103,0.05452644916059551,0.1476089034111234,0.9467796236049986,1.0,0.0,False
D03,0.32167758066654095,0.3090907734893492,0.2866434331384655,0.5745878889175444,0.1843672497331034,0.6139641250976603,0.8499697674449237,1.0,0.0,False
P01,0.32505765912518697,0.29708787280511895,0.25467614449072284,0.5745878889175444,0.1843672497331034,0.5247571995624255,0.8499697674449237,1.0,0.0,False
P02,0.259910499755447,0.18939306685981075,0.18599194922062975,0.5745878889175444,0.1843672497331034,0.3701026357541464,0.8499697674449237,1.0,0.0,False
P03,0.2385460493624887,0.17007036828956842,0.15002676620842995,0.5745878889175444,0.1843672497331034,0.40350513417803,0.8499697674449237,1.0,0.0,False
G01,0.39286280239858157,0.30431489352487695,0.28519080183679363,0.5293771566881725,0.03501026525416769,0.20103491891388833,0.9666827011385836,1.0,0.0,False
G02,0.39286280239858157,0.30431489352487695,0.28519080183679363,0.5864049015228678,0.08152629664824787,0.30833085292163576,0.9357818162611798,1.0,0.0,False
G03,0.33710637459583365,0.26979135406408133,0.2471918702580307,0.5293771566881725,0.03501026525416769,0.36498905427069284,0.9666827011385836,1.0,0.0,False
C02/mahalanobis,0.34153197431620147,0.26612557155218064,0.2404009640093674,0.5745878889175444,0.1843672497331034,0.26870314362499487,0.8499697674449237,0.9960474308300395,0.0,False
C02/knn,0.34153197431620147,0.26612557155218064,0.2404009640093674,0.5710528342615103,0.05452644916059551,0.26870314362499487,0.9467796236049986,0.9960474308300395,0.0,False
C17/mahalanobis,0.39286280239858157,0.30431489352487695,0.28519080183679363,0.5756499496047137,0.08435833362662631,0.14125969706191704,0.9369150395014244,1.0,0.0,False
C17/knn,0.39286280239858157,0.30431489352487695,0.28519080183679363,0.5608108625783882,0.07475686012271378,0.2297958522647389,0.9320881606033783,1.0,0.0,False
C24/mahalanobis,0.32167758066654095,0.3090907734893492,0.2866434331384655,0.5388237733120931,0.21071504827602386,0.6340699452034803,0.8034532033456813,1.0,0.0,False
C18/mahalanobis,0.33830952181153134,0.25830802518873563,0.2229562512203066,0.5915641357546731,0.08175365736341346,0.23653303007490697,0.9389153096728887,1.0,0.0,False
R18/R18,0.39286280239858157,0.30431489352487695,0.28519080183679363,0.5714226932360901,0.22679330333351153,0.23620031765098082,0.8372574567364856,1.0,0.0,False
